,all_awardings,allow_live_comments,author,author_flair_css_class,author_flair_richtext,author_flair_text,author_flair_type,author_fullname,author_is_blocked,author_patreon_flair,author_premium,awarders,can_mod_post,contest_mode,created_utc,domain,full_link,gildings,id,is_created_from_ads_ui,is_crosspostable,is_meta,is_original_content,is_reddit_media_domain,is_robot_indexable,is_self,is_video,link_flair_background_color,link_flair_richtext,link_flair_template_id,link_flair_text,link_flair_text_color,link_flair_type,locked,media_only,no_follow,num_comments,num_crossposts,over_18,parent_whitelist_status,permalink,pinned,pwls,removed_by_category,retrieved_on,score,selftext,send_replies,spoiler,stickied,subreddit,subreddit_id,subreddit_subscribers,subreddit_type,thumbnail,title,total_awards_received,treatment_tags,upvote_ratio,url,whitelist_status,wls,author_flair_template_id,author_flair_text_color,media,media_embed,post_hint,preview,secure_media,secure_media_embed,thumbnail_height,thumbnail_width,url_overridden_by_dest
0,[],False,livetodayy,,[],,text,t2_2uwa8aca,False,False,False,[],False,False,1640154066,self.datingoverforty,https://www.reddit.com/r/datingoverforty/comments/rlyv4m/sneaky_sexual_innuendos/,{},rlyv4m,False,False,False,False,False,False,True,False,,[],aa73f354-275f-11e9-9763-0ed84ca6f39e,Question,dark,text,False,False,True,0,0,False,some_ads,/r/datingoverforty/comments/rlyv4m/sneaky_sexual_innuendos/,False,7,reddit,1640154077,1,[removed],True,False,False,datingoverforty,t5_su6ij,63948,public,self,Sneaky sexual innuendos ‚Ä¶?,0,[],1.0,https://www.reddit.com/r/datingoverforty/comments/rlyv4m/sneaky_sexual_innuendos/,some_ads,7,,,,,,,,,,,
1,[],False,LovesLaboursLostToss,,[],,text,t2_ht5kdvgc,False,False,False,[],False,False,1640157428,self.datingoverforty,https://www.reddit.com/r/datingoverforty/comments/rlzq9o/update_my_love_language/,{},rlzq9o,False,False,False,False,False,False,True,False,,[],,,dark,text,False,False,True,1,0,False,some_ads,/r/datingoverforty/comments/rlzq9o/update_my_love_language/,False,7,moderator,1640157438,1,[removed],True,False,False,datingoverforty,t5_su6ij,63950,public,self,Update my... Love Language?,0,[],1.0,https://www.reddit.com/r/datingoverforty/comments/rlzq9o/update_my_love_language/,some_ads,7,,,,,,,,,,,
2,[],False,sam-hell,,[],,text,t2_491zo4x5,False,False,False,[],False,False,1640158188,self.datingoverforty,https://www.reddit.com/r/datingoverforty/comments/rlzwqk/love_of_your_life/,{},rlzwqk,False,False,False,False,False,False,True,False,,[],aa73f354-275f-11e9-9763-0ed84ca6f39e,Question,dark,text,False,False,True,0,0,False,some_ads,/r/datingoverforty/comments/rlzwqk/love_of_your_life/,False,7,reddit,1640158198,1,[removed],True,False,False,datingoverforty,t5_su6ij,63950,public,self,Love of your life,0,[],1.0,https://www.reddit.com/r/datingoverforty/comments/rlzwqk/love_of_your_life/,some_ads,7,,,,,,,,,,,
3,[],False,happygolucky2017,,[],47/F,text,t2_144coy,False,False,False,[],False,False,1640177807,self.datingoverforty,https://www.reddit.com/r/datingoverforty/comments/rm4pxl/when_what_youre_doing_isnt_working_try_something/,{},rm4pxl,False,False,False,False,False,False,True,False,,[],628375fa-4425-11e9-9805-0e7c3aad8200,Discussion,dark,text,False,False,True,0,0,False,some_ads,/r/datingoverforty/comments/rm4pxl/when_what_youre_doing_isnt_working_try_something/,False,7,reddit,1640177817,1,[removed],True,False,False,datingoverforty,t5_su6ij,63956,public,self,"When what you're doing isn't working, try something new",0,[],1.0,https://www.reddit.com/r/datingoverforty/comments/rm4pxl/when_what_youre_doing_isnt_working_try_something/,some_ads,7,de42d95c-26b0-11e9-8b8e-0eb1c6a44238,dark,,,,,,,,,
4,[],False,Benkosayswhat,,[],,text,t2_51lw77po,False,False,False,[],False,False,1640187229,self.datingoverforty,https://www.reddit.com/r/datingoverforty/comments/rm7mw4/what_kind_of_present_would_you_want_to_receive/,{},rm7mw4,False,False,False,False,False,False,True,False,,[],,,dark,text,False,False,True,0,0,False,some_ads,/r/datingoverforty/comments/rm7mw4/what_kind_of_present_would_you_want_to_receive/,False,7,reddit,1640187240,1,[removed],True,False,False,datingoverforty,t5_su6ij,63959,public,self,What kind of present would you want to receive from a man you‚Äôve been seeing for a month?,0,[],1.0,https://www.reddit.com/r/datingoverforty/comments/rm7mw4/what_kind_of_present_would_you_want_to_receive/,some_ads,7,,,,,,,,,,,
5,[],False,robbkowalski,,[],,text,t2_34bncwv,False,False,False,[],False,False,1640187508,youtube.com,https://www.reddit.com/r/datingoverforty/comments/rm7qgv/married_in_12_months_from_now_or_less/,{},rm7qgv,False,True,False,False,False,True,False,False,,[],,,dark,text,False,False,True,0,0,False,some_ads,/r/datingoverforty/comments/rm7qgv/married_in_12_months_from_now_or_less/,False,7,,1640187519,1,,True,False,False,datingoverforty,t5_su6ij,63959,public,https://b.thumbs.redditmedia.com/UbYY4407rpNW1oznVxygYFHdIdJHzhWeYrrTXXDksXo.jpg,Married in 12 Months From Now or Less?!,0,[],1.0,https://youtube.com/watch?v=NKwM_XKldp8&amp;feature=share,some_ads,7,,,"{'oembed': {'author_name': 'Rob B Kowalski', 'author_url': 'https://www.youtube.com/c/RobBKowalski', 'height': 200, 'html': '&lt;iframe width=""356"" height=""200"" src=""https://www.youtube.com/embed/NKwM_XKldp8?feature=oembed&amp;enablejsapi=1"" frameborder=""0"" allow=""accelerometer; autoplay; clipboard-write; encrypted-media; gyroscope; picture-in-picture"" allowfullscreen&gt;&lt;/iframe&gt;', 'provider_name': 'YouTube', 'provider_url': 'https://www.youtube.com/', 'thumbnail_height': 360, 'thumbnail_url': 'https://i.ytimg.com/vi/NKwM_XKldp8/hqdefault.jpg', 'thumbnail_width': 480, 'title': 'Married in 12 Months From Now or Less?!', 'type': 'video', 'version': '1.0', 'width': 356}, 'type': 'youtube.com'}","{'content': '&lt;iframe width=""356"" height=""200"" src=""https://www.youtube.com/embed/NKwM_XKldp8?feature=oembed&amp;enablejsapi=1"" frameborder=""0"" allow=""accelerometer; autoplay; clipboard-write; encrypted-media; gyroscope; picture-in-picture"" allowfullscreen&gt;&lt;/iframe&gt;', 'height': 200, 'scrolling': False, 'width': 356}",rich:video,"{'enabled': False, 'images': [{'id': 'MteWjM3AkiwnHCPVBoo9fQW7cRuUw7rKxRg8JMFBw-w', 'resolutions': [{'height': 81, 'url': 'https://external-preview.redd.it/K_u7KQ8cm4_FgYJzq986qE44XZeeiJ2HUidTOkS84xs.jpg?width=108&amp;crop=smart&amp;auto=webp&amp;s=aece06d7b9930c343c9f71c7c2b4a259483a645b', 'width': 108}, {'height': 162, 'url': 'https://external-preview.redd.it/K_u7KQ8cm4_FgYJzq986qE44XZeeiJ2HUidTOkS84xs.jpg?width=216&amp;crop=smart&amp;auto=webp&amp;s=b26849a8501f8a603184e8f1133fd6ca5b5d8be7', 'width': 216}, {'height': 240, 'url': 'https://external-preview.redd.it/K_u7KQ8cm4_FgYJzq986qE44XZeeiJ2HUidTOkS84xs.jpg?width=320&amp;crop=smart&amp;auto=webp&amp;s=879337ce322072c19f361e85c2c2aad98df98c3f', 'width': 320}], 'source': {'height': 360, 'url': 'https://external-preview.redd.it/K_u7KQ8cm4_FgYJzq986qE44XZeeiJ2HUidTOkS84xs.jpg?auto=webp&amp;s=616286a59a1a9791e2c4f802aaa6dff29808c804', 'width': 480}, 'variants': {}}]}","{'oembed': {'author_name': 'Rob B Kowalski', 'author_url': 'https://www.youtube.com/c/RobBKowalski', 'height': 200, 'html': '&lt;iframe width=""356"" height=""200"" src=""https://www.youtube.com/embed/NKwM_XKldp8?feature=oembed&amp;enablejsapi=1"" frameborder=""0"" allow=""accelerometer; autoplay; clipboard-write; encrypted-media; gyroscope; picture-in-picture"" allowfullscreen&gt;&lt;/iframe&gt;', 'provider_name': 'YouTube', 'provider_url': 'https://www.youtube.com/', 'thumbnail_height': 360, 'thumbnail_url': 'https://i.ytimg.com/vi/NKwM_XKldp8/hqdefault.jpg', 'thumbnail_width': 480, 'title': 'Married in 12 Months From Now or Less?!', 'type': 'video', 'version': '1.0', 'width': 356}, 'type': 'youtube.com'}","{'content': '&lt;iframe width=""356"" height=""200"" src=""https://www.youtube.com/embed/NKwM_XKldp8?feature=oembed&amp;enablejsapi=1"" frameborder=""0"" allow=""accelerometer; autoplay; clipboard-write; encrypted-media; gyroscope; picture-in-picture"" allowfullscreen&gt;&lt;/iframe&gt;', 'height': 200, 'media_domain_url': 'https://www.redditmedia.com/mediaembed/rm7qgv', 'scrolling': False, 'width': 356}",105.0,140.0,https://youtube.com/watch?v=NKwM_XKldp8&amp;feature=share
6,[],False,Tobu_007,,[],,text,t2_akoiftwy,False,False,False,[],False,False,1640187520,self.datingoverforty,https://www.reddit.com/r/datingoverforty/comments/rm7qm8/learn_the_predictable_patterns_that_make_men_fall/,{},rm7qm8,False,False,False,False,False,False,True,False,,[],08ec5ff2-2760-11e9-aac2-0ea14477eb18,Giving Advice,dark,text,False,False,True,0,0,False,some_ads,/r/datingoverforty/comments/rm7qm8/learn_the_predictable_patterns_that_make_men_fall/,False,7,reddit,1640187530,1,[removed],True,False,False,datingoverforty,t5_su6ij,63960,public,self,Learn The Predictable Patterns that Make Men Fall In Love,0,[],1.0,https://www.reddit.com/r/datingoverforty/comments/rm7qm8/learn_the_predictable_patterns_that_make_men_fall/,some_ads,7,,,,,self,"{'enabled': False, 'images': [{'id': 'hZfKRnyvlfqLI6pCN_y5Czt1pyu8dQHengm69brWcUM', 'resolutions': [{'height': 62, 'url': 'https://external-preview.redd.it/jnOlXK9TiBlWuLioLSlBlj3sb4_QoiN3zjdyiVtoo-4.jpg?width=108&amp;crop=smart&amp;auto=webp&amp;s=ae88e05c661d5e4f3ad01962330c9dbb2b0983c7', 'width': 108}, {'height': 125, 'url': 'https://external-preview.redd.it/jnOlXK9TiBlWuLioLSlBlj3sb4_QoiN3zjdyiVtoo-4.jpg?width=216&amp;crop=smart&amp;auto=webp&amp;s=c909e4e5714241df1286b3d3b6a030bc03fadf93', 'width': 216}], 'source': {'height': 180, 'url': 'https://external-preview.redd.it/jnOlXK9TiBlWuLioLSlBlj3sb4_QoiN3zjdyiVtoo-4.jpg?auto=webp&amp;s=cbbb242480a43e5bfc801a2466566df0ef9f8570', 'width': 310}, 'variants': {}}]}",,,,,
7,[],False,mr_shoes305,,[],,text,t2_13nbu5,False,False,False,[],False,False,1640189248,self.datingoverforty,https://www.reddit.com/r/datingoverforty/comments/rm8d04/dating_pets/,{},rm8d04,False,False,False,False,False,False,True,False,,[],b50cbf0c-3935-11e9-a609-0e217b8f2048,Seeking Advice,dark,text,False,False,True,0,0,False,some_ads,/r/datingoverforty/comments/rm8d04/dating_pets/,False,7,reddit,1640189259,1,[removed],True,False,False,datingoverforty,t5_su6ij,63960,public,self,Dating &amp; pets,0,[],1.0,https://www.reddit.com/r/datingoverforty/comments/rm8d04/dating_pets/,some_ads,7,,,,,,,,,,,
8,[],False,CheezusIsLard,,[],,text,t2_16spnx,False,False,False,[],False,False,1640190017,self.datingoverforty,https://www.reddit.com/r/datingoverforty/comments/rm8n0r/should_i_reach_back_out_to_some_one_i_was_seeing/,{},rm8n0r,False,False,False,False,False,False,True,False,,[],,,dark,text,False,False,True,0,0,False,some_ads,/r/datingoverforty/comments/rm8n0r/should_i_reach_back_out_to_some_one_i_was_seeing/,False,7,reddit,1640190028,1,[removed],True,False,False,datingoverforty,t5_su6ij,63960,public,self,Should I reach back out to some one I was seeing three years ago?,0,[],1.0,https://www.reddit.com/r/datingoverforty/comments/rm8n0r/should_i_reach_back_out_to_some_one_i_was_seeing/,some_ads,7,,,,,,,,,,,
9,[],False,sam-hell,,[],,text,t2_491zo4x5,False,False,False,[],False,False,1640190974,self.datingoverforty,https://www.reddit.com/r/datingoverforty/comments/rm8z80/love_of_your_life/,{},rm8z80,False,False,False,False,False,False,True,False,,[],aa73f354-275f-11e9-9763-0ed84ca6f39e,Question,dark,text,False,False,True,0,0,False,some_ads,/r/datingoverforty/comments/rm8z80/love_of_your_life/,False,7,reddit,1640190984,1,[removed],True,False,False,datingoverforty,t5_su6ij,63961,public,self,Love of your life?,0,[],1.0,https://www.reddit.com/r/datingoverforty/comments/rm8z80/love_of_your_life/,some_ads,7,,,,,,,,,,,
10,[],False,rococo78,,[],,text,t2_77vyn,False,False,False,[],False,False,1640191874,self.datingoverforty,https://www.reddit.com/r/datingoverforty/comments/rm9b0e/how_many_of_you_use_social_media_for_dating/,{},rm9b0e,False,False,False,False,False,False,True,False,,[],aa73f354-275f-11e9-9763-0ed84ca6f39e,Question,dark,text,False,False,True,0,0,False,some_ads,/r/datingoverforty/comments/rm9b0e/how_many_of_you_use_social_media_for_dating/,False,7,reddit,1640191885,1,[removed],True,False,False,datingoverforty,t5_su6ij,63963,public,self,How many of you use social media for dating?,0,[],1.0,https://www.reddit.com/r/datingoverforty/comments/rm9b0e/how_many_of_you_use_social_media_for_dating/,some_ads,7,,,,,,,,,,,
11,[],False,ThereWillBeNoShame,,[],,text,t2_95qo1bz0,False,False,False,[],False,False,1640195730,self.datingoverforty,https://www.reddit.com/r/datingoverforty/comments/rmaprl/are_joke_insults_ever_ok_or_am_i_being_too/,{},rmaprl,False,False,False,False,False,False,True,False,,[],,,dark,text,False,False,True,0,0,False,some_ads,/r/datingoverforty/comments/rmaprl/are_joke_insults_ever_ok_or_am_i_being_too/,False,7,reddit,1640195740,1,[removed],True,False,False,datingoverforty,t5_su6ij,63966,public,self,Are joke ‚Äúinsults‚Äù ever ok or am I being too sensitive with new dates?,0,[],1.0,https://www.reddit.com/r/datingoverforty/comments/rmaprl/are_joke_insults_ever_ok_or_am_i_being_too/,some_ads,7,,,,,,,,,,,
12,[],False,opistrue,,[],,text,t2_i2kr2,False,False,False,[],False,False,1640206134,self.datingoverforty,https://www.reddit.com/r/datingoverforty/comments/rmefg9/ladies_how_do_you_keep_good_looking_younger_guys/,{},rmefg9,False,False,False,False,False,False,True,False,,[],,,dark,text,False,False,True,0,0,False,some_ads,/r/datingoverforty/comments/rmefg9/ladies_how_do_you_keep_good_looking_younger_guys/,False,7,reddit,1640206144,1,[removed],True,False,False,datingoverforty,t5_su6ij,63970,public,self,"Ladies, how do you keep good looking younger guys around?",0,[],1.0,https://www.reddit.com/r/datingoverforty/comments/rmefg9/ladies_how_do_you_keep_good_looking_younger_guys/,some_ads,7,,,,,,,,,,,
13,[],False,sam-hell,,[],,text,t2_491zo4x5,False,False,False,[],False,False,1640207102,self.datingoverforty,https://www.reddit.com/r/datingoverforty/comments/rmes2a/love_of_your_life/,{},rmes2a,False,False,False,False,False,False,True,False,,[],,,dark,text,False,False,True,0,0,False,some_ads,/r/datingoverforty/comments/rmes2a/love_of_your_life/,False,7,reddit,1640207112,1,[removed],True,False,False,datingoverforty,t5_su6ij,63972,public,self,Love of your life?,0,[],1.0,https://www.reddit.com/r/datingoverforty/comments/rmes2a/love_of_your_life/,some_ads,7,,,,,,,,,,,
14,[],False,SeasickAardvark,,[],,text,t2_6cwjs64y,False,False,False,[],False,False,1640212730,self.datingoverforty,https://www.reddit.com/r/datingoverforty/comments/rmgpzh/extended_weekend/,{},rmgpzh,False,False,False,False,False,False,True,False,,[],e06d24a4-275e-11e9-9b74-0e6a6c05416c,Casual Conversation,dark,text,False,False,True,0,0,False,some_ads,/r/datingoverforty/comments/rmgpzh/extended_weekend/,False,7,reddit,1640212741,1,[removed],True,False,False,datingoverforty,t5_su6ij,63975,public,self,Extended weekend...,0,[],1.0,https://www.reddit.com/r/datingoverforty/comments/rmgpzh/extended_weekend/,some_ads,7,,,,,,,,,,,
15,[],False,grackleguy,,[],,text,t2_5bxxwep4,False,False,False,[],False,False,1640217105,self.datingoverforty,https://www.reddit.com/r/datingoverforty/comments/rmi6ow/dating_someone_with_a_hearing_aid/,{},rmi6ow,False,False,False,False,False,False,True,False,,[],b50cbf0c-3935-11e9-a609-0e217b8f2048,Seeking Advice,dark,text,False,False,True,0,0,False,some_ads,/r/datingoverforty/comments/rmi6ow/dating_someone_with_a_hearing_aid/,False,7,reddit,1640217115,1,[removed],True,False,False,datingoverforty,t5_su6ij,63979,public,self,Dating someone with a hearing aid,0,[],1.0,https://www.reddit.com/r/datingoverforty/comments/rmi6ow/dating_someone_with_a_hearing_aid/,some_ads,7,,,,,,,,,,,
16,[],False,newbieinIL,,[],,text,t2_hsvowail,False,False,False,[],False,False,1640217960,self.datingoverforty,https://www.reddit.com/r/datingoverforty/comments/rmigvs/dating_after_a_long_time/,{},rmigvs,False,False,False,False,False,False,True,False,,[],b50cbf0c-3935-11e9-a609-0e217b8f2048,Seeking Advice,dark,text,False,False,True,1,0,False,some_ads,/r/datingoverforty/comments/rmigvs/dating_after_a_long_time/,False,7,moderator,1640217970,1,[removed],True,False,False,datingoverforty,t5_su6ij,63982,public,self,Dating after a long time,0,[],1.0,https://www.reddit.com/r/datingoverforty/comments/rmigvs/dating_after_a_long_time/,some_ads,7,,,,,,,,,,,
17,[],False,thejakeferguson,,[],,text,t2_jlz0s,False,False,False,[],False,False,1640221716,self.datingoverforty,https://www.reddit.com/r/datingoverforty/comments/rmjp22/opinions_needed_because_im_at_a_loss/,{},rmjp22,False,False,False,False,False,False,True,False,,[],,,dark,text,False,False,True,0,0,False,some_ads,/r/datingoverforty/comments/rmjp22/opinions_needed_because_im_at_a_loss/,False,7,reddit,1640221726,1,[removed],True,False,False,datingoverforty,t5_su6ij,63984,public,self,Opinions needed because I'm at a loss.,0,[],1.0,https://www.reddit.com/r/datingoverforty/comments/rmjp22/opinions_needed_because_im_at_a_loss/,some_ads,7,,,,,,,,,,,
18,[],False,thinkBOXthink,,[],,text,t2_61wh0pfe,False,False,False,[],False,False,1640223184,self.datingoverforty,https://www.reddit.com/r/datingoverforty/comments/rmk5wa/misconceptions_about_what_a_high_libido_is/,{},rmk5wa,False,False,False,False,False,False,True,False,,[],,,dark,text,False,False,True,0,0,False,some_ads,/r/datingoverforty/comments/rmk5wa/misconceptions_about_what_a_high_libido_is/,False,7,reddit,1640223195,1,[removed],True,False,False,datingoverforty,t5_su6ij,63985,public,self,Misconceptions about what a high libido is,0,[],1.0,https://www.reddit.com/r/datingoverforty/comments/rmk5wa/misconceptions_about_what_a_high_libido_is/,some_ads,7,,,,,,,,,,,
19,[],False,Secret_Preparation99,,[],,text,t2_8lwao9kl,False,False,False,[],False,False,1640223751,self.datingoverforty,https://www.reddit.com/r/datingoverforty/comments/rmkc3q/struggling_and_looking_for_suggestions/,{},rmkc3q,False,False,False,False,False,False,True,False,,[],b50cbf0c-3935-11e9-a609-0e217b8f2048,Seeking Advice,dark,text,False,False,True,0,0,False,some_ads,/r/datingoverforty/comments/rmkc3q/struggling_and_looking_for_suggestions/,False,7,reddit,1640223761,1,[removed],True,False,False,datingoverforty,t5_su6ij,63986,public,self,Struggling and looking for suggestions,0,[],1.0,https://www.reddit.com/r/datingoverforty/comments/rmkc3q/struggling_and_looking_for_suggestions/,some_ads,7,,,,,,,,,,,
20,[],False,EfficientHunter9118,,[],,text,t2_h4m53gjp,False,False,False,[],False,False,1640227543,self.datingoverforty,https://www.reddit.com/r/datingoverforty/comments/rmljff/35f_i_hope_to_find_a_mutual_exchange_of_people_to/,{},rmljff,False,False,False,False,False,False,True,False,,[],e06d24a4-275e-11e9-9b74-0e6a6c05416c,Casual Conversation,dark,text,False,False,True,0,0,False,some_ads,/r/datingoverforty/comments/rmljff/35f_i_hope_to_find_a_mutual_exchange_of_people_to/,False,7,reddit,1640227554,1,[removed],True,False,False,datingoverforty,t5_su6ij,63993,public,self,"35F, I hope to find a mutual exchange of people to spend a cold winter with me.",0,[],1.0,https://www.reddit.com/r/datingoverforty/comments/rmljff/35f_i_hope_to_find_a_mutual_exchange_of_people_to/,some_ads,7,,,,,,,,,,,
21,[],False,boopmynosethrowaway,,[],,text,t2_8bomncrh,False,False,False,[],False,False,1640229395,self.datingoverforty,https://www.reddit.com/r/datingoverforty/comments/rmm4xf/how_to_get_started/,{},rmm4xf,False,False,False,False,False,False,True,False,,[],b50cbf0c-3935-11e9-a609-0e217b8f2048,Seeking Advice,dark,text,False,False,True,1,0,False,some_ads,/r/datingoverforty/comments/rmm4xf/how_to_get_started/,False,7,moderator,1640229405,1,[removed],True,False,False,datingoverforty,t5_su6ij,63996,public,self,How to get started?,0,[],1.0,https://www.reddit.com/r/datingoverforty/comments/rmm4xf/how_to_get_started/,some_ads,7,,,,,,,,,,,
22,[],False,hectichead22,,[],,text,t2_4t89r2yc,False,False,False,[],False,False,1640230028,self.datingoverforty,https://www.reddit.com/r/datingoverforty/comments/rmmc3v/unexpected_features/,{},rmmc3v,False,False,False,False,False,False,True,False,,[],,,dark,text,False,False,True,0,0,False,some_ads,/r/datingoverforty/comments/rmmc3v/unexpected_features/,False,7,reddit,1640230038,1,[removed],True,False,False,datingoverforty,t5_su6ij,63998,public,self,Unexpected features.,0,[],1.0,https://www.reddit.com/r/datingoverforty/comments/rmmc3v/unexpected_features/,some_ads,7,,,,,,,,,,,
23,[],False,happirt,,[],,text,t2_ulwzu,False,False,False,[],False,False,1640234534,self.datingoverforty,https://www.reddit.com/r/datingoverforty/comments/rmncgq/will_a_20_year_age_gap_relationship_last/,{},rmncgq,False,False,False,False,False,False,True,False,,[],,,dark,text,False,False,True,0,0,False,some_ads,/r/datingoverforty/comments/rmncgq/will_a_20_year_age_gap_relationship_last/,False,7,reddit,1640234545,1,[removed],True,False,False,datingoverforty,t5_su6ij,63997,public,self,Will a 20 year age gap relationship last?,0,[],1.0,https://www.reddit.com/r/datingoverforty/comments/rmncgq/will_a_20_year_age_gap_relationship_last/,some_ads,7,,,,,,,,,,,
24,[],False,hecatearrowkey11,,[],,text,t2_4g9ld9su,False,False,False,[],False,False,1640247558,self.datingoverforty,https://www.reddit.com/r/datingoverforty/comments/rmqxug/im_pretty_sure_he_likes_me_so_why_hasnt_he_asked/,{},rmqxug,False,False,False,False,False,False,True,False,,[],,,dark,text,False,False,True,0,0,False,some_ads,/r/datingoverforty/comments/rmqxug/im_pretty_sure_he_likes_me_so_why_hasnt_he_asked/,False,7,reddit,1640247569,1,[removed],True,False,False,datingoverforty,t5_su6ij,64008,public,self,I'm pretty sure he likes me. So why hasn't he asked me out?,0,[],1.0,https://www.reddit.com/r/datingoverforty/comments/rmqxug/im_pretty_sure_he_likes_me_so_why_hasnt_he_asked/,some_ads,7,,,,,,,,,,,
25,[],False,Regular_Towel_6898,,[],,text,t2_cbkryw5p,False,False,False,[],False,False,1640249339,self.datingoverforty,https://www.reddit.com/r/datingoverforty/comments/rmrd8r/what_do_you_do_when_you_meet_the_one_meant_for/,{},rmrd8r,False,False,False,False,False,False,True,False,,[],,,dark,text,False,False,True,0,0,False,some_ads,/r/datingoverforty/comments/rmrd8r/what_do_you_do_when_you_meet_the_one_meant_for/,False,7,reddit,1640249350,1,[removed],True,False,False,datingoverforty,t5_su6ij,64011,public,self,"What do you do when you meet the ONE meant for you, and you them but you already unhappily married?",0,[],1.0,https://www.reddit.com/r/datingoverforty/comments/rmrd8r/what_do_you_do_when_you_meet_the_one_meant_for/,some_ads,7,,,,,,,,,,,
26,[],False,Music_soldier1234,,[],,text,t2_banwydpf,False,False,False,[],False,False,1640257044,self.datingoverforty,https://www.reddit.com/r/datingoverforty/comments/rmt7yt/is_it_just_me_or_does_anyone_else_wish_they_slept/,{},rmt7yt,False,False,False,False,False,False,True,False,,[],,,dark,text,False,False,True,1,0,False,some_ads,/r/datingoverforty/comments/rmt7yt/is_it_just_me_or_does_anyone_else_wish_they_slept/,False,7,moderator,1640257055,1,[removed],True,False,False,datingoverforty,t5_su6ij,64014,public,self,"Is it just me or does anyone else wish they slept around more before they got married? I'm a guy, mostly straight but not completely, and only dated a few women and had sex with 2 of them before I got hitched to the 3rd. Never got to explore, experiment, and discover myself until my late thirties.",0,[],1.0,https://www.reddit.com/r/datingoverforty/comments/rmt7yt/is_it_just_me_or_does_anyone_else_wish_they_slept/,some_ads,7,,,,,,,,,,,
27,[],False,Impossible_Net_6038,,[],,text,t2_gm994snj,False,False,False,[],False,False,1640263084,self.datingoverforty,https://www.reddit.com/r/datingoverforty/comments/rmutp4/is_this_how_most_women_feel/,{},rmutp4,False,False,False,False,False,False,True,False,,[],,,dark,text,False,False,True,1,0,False,some_ads,/r/datingoverforty/comments/rmutp4/is_this_how_most_women_feel/,False,7,moderator,1640263094,1,[removed],True,False,False,datingoverforty,t5_su6ij,64018,public,self,Is this how most women feel?,0,[],1.0,https://www.reddit.com/r/datingoverforty/comments/rmutp4/is_this_how_most_women_feel/,some_ads,7,,,,,,,,,,,
28,[],False,Impossible_Net_6038,,[],,text,t2_gm994snj,False,False,False,[],False,False,1640264436,self.datingoverforty,https://www.reddit.com/r/datingoverforty/comments/rmv71m/is_this_a_common_mindset/,{},rmv71m,False,False,False,False,False,False,True,False,,[],,,dark,text,False,False,True,1,0,False,some_ads,/r/datingoverforty/comments/rmv71m/is_this_a_common_mindset/,False,7,moderator,1640264447,1,[removed],True,False,False,datingoverforty,t5_su6ij,64019,public,self,Is this a common mindset?,0,[],1.0,https://www.reddit.com/r/datingoverforty/comments/rmv71m/is_this_a_common_mindset/,some_ads,7,,,,,,,,,,,
29,[],False,PhilosopherThin9556,,[],,text,t2_89puv484,False,False,False,[],False,False,1640265277,self.datingoverforty,https://www.reddit.com/r/datingoverforty/comments/rmvg6t/creating_insecurities_tip/,{},rmvg6t,False,True,False,False,False,True,True,False,,[],,,dark,text,False,False,True,0,0,True,some_ads,/r/datingoverforty/comments/rmvg6t/creating_insecurities_tip/,False,7,,1640265288,1,"   
I have been dating a boy for 7 months, frankly I have never seen anything that makes me think that he sees himself with other women, however, in our conversations when he refers to the women of his past, he describes them as saying things like: his body, how cute they are and how much he came to like them.

I do not know, if he does it unconsciously, I mentioned it once, but insecurity is drowning me, this has never happened to me with a boy, I even think that everyone avoids talking about the physical of their ex-partners, they only talk about the Lived experience 

&amp;#x200B;

 that they advise me, sometimes I think I'm exaggerating",True,True,False,datingoverforty,t5_su6ij,64019,public,nsfw,CREATING INSECURITIES TIP,0,[],1.0,https://www.reddit.com/r/datingoverforty/comments/rmvg6t/creating_insecurities_tip/,promo_adult_nsfw,3,,,,,,,,,,,
30,[],False,RiggsyDiggsy,,[],,text,t2_a1qw9uw3,False,False,False,[],False,False,1640268877,self.datingoverforty,https://www.reddit.com/r/datingoverforty/comments/rmwk9m/how_do_you_know_if_shes_into_you/,{},rmwk9m,False,False,False,False,False,False,True,False,,[],,,dark,text,False,False,True,0,0,False,some_ads,/r/datingoverforty/comments/rmwk9m/how_do_you_know_if_shes_into_you/,False,7,reddit,1640268887,1,[removed],True,False,False,datingoverforty,t5_su6ij,64023,public,self,How do you know if she's into you?,0,[],1.0,https://www.reddit.com/r/datingoverforty/comments/rmwk9m/how_do_you_know_if_shes_into_you/,some_ads,7,,,,,,,,,,,
31,[],False,MysteriousPie1305,,[],,text,t2_htg5vcyi,False,False,False,[],False,False,1640270850,self.datingoverforty,https://www.reddit.com/r/datingoverforty/comments/rmx76p/dating_in_the_modern_world/,{},rmx76p,False,False,False,False,False,False,True,False,,[],,,dark,text,False,False,True,1,0,False,some_ads,/r/datingoverforty/comments/rmx76p/dating_in_the_modern_world/,False,7,moderator,1640270860,1,[removed],True,False,False,datingoverforty,t5_su6ij,64024,public,self,Dating in the modern world,0,[],1.0,https://www.reddit.com/r/datingoverforty/comments/rmx76p/dating_in_the_modern_world/,some_ads,7,,,,,,,,,,,
32,[],False,reedledede,,[],,text,t2_4zv2dy8b,False,False,False,[],False,False,1640272157,self.datingoverforty,https://www.reddit.com/r/datingoverforty/comments/rmxnl0/ladies_have_you_been_told_youre_too_picky_when_it/,{},rmxnl0,False,False,False,False,False,False,True,False,,[],628375fa-4425-11e9-9805-0e7c3aad8200,Discussion,dark,text,False,False,True,0,0,False,some_ads,/r/datingoverforty/comments/rmxnl0/ladies_have_you_been_told_youre_too_picky_when_it/,False,7,reddit,1640272168,1,[removed],True,False,False,datingoverforty,t5_su6ij,64025,public,self,"Ladies- have you been told you‚Äôre ‚Äútoo picky‚Äù when it comes to dating? Gentlemen- have you felt that the expectations of women these days is too high? LGBTQ- please answer as well, I‚Äôd love to hear your opinions on this.",0,[],1.0,https://www.reddit.com/r/datingoverforty/comments/rmxnl0/ladies_have_you_been_told_youre_too_picky_when_it/,some_ads,7,,,,,,,,,,,
33,[],False,Aggravating_Brick_65,,[],,text,t2_dmtzck8a,False,False,False,[],False,False,1640275539,self.datingoverforty,https://www.reddit.com/r/datingoverforty/comments/rmyu5e/was_i_wrong_to_call_out_being_ignored/,{},rmyu5e,False,True,False,False,False,True,True,False,,[],,,dark,text,False,False,True,0,0,False,some_ads,/r/datingoverforty/comments/rmyu5e/was_i_wrong_to_call_out_being_ignored/,False,7,,1640275549,1,"Throwaway account for reasons.  

I (m47) and my GF(48) went for a casual dinner last night and at ate at the bar.  After a few drinks my GF can get chatty.  She strikes up a conservation with the patron next to her and spends the next hour talking to her with her back turned to me.  On the way home I mentioned that I didn't appreciate being ignored.  Her response was that I was checked out on my phone, which is true because what else was I going to do.  We get home and talk about it.  We didn't have a knock down drag out but the experience is leaving a bad taste in my mouth.  We've been dating for 6 months and there is a lot of positives but this isn't the first incident like this and always when alcohol get involved.  

To be fair I drink as well, usually a couple of cocktails in the evening but when she gets on a roll, it's nothing for her to put down a 12 pack in 1 sitting.  

Was I wrong to be upset?  Am I being insecure?  We can have glasses of wine or cocktails no problem.  But sometimes when she gets on the beer I feel like I'm back in college dating a sorority girl (which she was and I was a frat guy  )  In the back of my mind I'm wondering if her drinking is a red flag.",True,False,False,datingoverforty,t5_su6ij,64030,public,self,Was I wrong to call out being ignored?,0,[],1.0,https://www.reddit.com/r/datingoverforty/comments/rmyu5e/was_i_wrong_to_call_out_being_ignored/,some_ads,7,,,,,,,,,,,
34,[],False,NationalBluejay8836,,[],,text,t2_f1753fiz,False,False,False,[],False,False,1640276161,self.datingoverforty,https://www.reddit.com/r/datingoverforty/comments/rmz22v/advice_needed_for_connecting_with_single_moms/,{},rmz22v,False,False,False,False,False,False,True,False,,[],,,dark,text,False,False,True,0,0,False,some_ads,/r/datingoverforty/comments/rmz22v/advice_needed_for_connecting_with_single_moms/,False,7,reddit,1640276171,1,[removed],True,False,False,datingoverforty,t5_su6ij,64031,public,self,Advice needed for connecting with single moms,0,[],1.0,https://www.reddit.com/r/datingoverforty/comments/rmz22v/advice_needed_for_connecting_with_single_moms/,some_ads,7,,,,,,,,,,,
35,[],False,Maria_Eduro,,[],,text,t2_hn55s8mj,False,False,False,[],False,False,1640278575,stayhealthymind.com,https://www.reddit.com/r/datingoverforty/comments/rmzxce/10_habits_to_create_a_strong_marriage/,{},rmzxce,False,True,False,False,False,True,False,False,,[],628375fa-4425-11e9-9805-0e7c3aad8200,Discussion,dark,text,False,False,True,0,0,False,some_ads,/r/datingoverforty/comments/rmzxce/10_habits_to_create_a_strong_marriage/,False,7,,1640278586,1,,True,False,False,datingoverforty,t5_su6ij,64032,public,https://b.thumbs.redditmedia.com/WRBKwP-DmCe7EkTkVTuzOM_TWCP_O0AJ1Eh9so1vHVA.jpg,10 Habits To Create A Strong Marriage,0,[],1.0,https://stayhealthymind.com/10-habits-to-create-a-strong-marriage/,some_ads,7,,,,,link,"{'enabled': False, 'images': [{'id': 'NsO-vWZJ3pG1cTODvjKyPjVF-PIZDSUMdcZktFNLIPI', 'resolutions': [], 'source': {'height': 119, 'url': 'https://external-preview.redd.it/mgi_iMgjOslSSAAtX8bzuKhY5pWe1Qhr_wzK0SM_Uq4.jpg?auto=webp&amp;s=0c7bf8e95cb440e6ae311f3ab333c43ce16f1151', 'width': 104}, 'variants': {}}]}",,,70.0,70.0,https://stayhealthymind.com/10-habits-to-create-a-strong-marriage/
36,[],False,Pristine_Win7257,,[],,text,t2_htyfmftg,False,False,False,[],False,False,1640282558,self.datingoverforty,https://www.reddit.com/r/datingoverforty/comments/rn1ezf/new_here_single_for_2_years_starting_to_date_but/,{},rn1ezf,False,False,False,False,False,False,True,False,,[],b50cbf0c-3935-11e9-a609-0e217b8f2048,Seeking Advice,dark,text,False,False,True,1,0,False,some_ads,/r/datingoverforty/comments/rn1ezf/new_here_single_for_2_years_starting_to_date_but/,False,7,moderator,1640282568,1,[removed],True,False,False,datingoverforty,t5_su6ij,64035,public,self,New here. Single for 2 years. Starting to date but I think I‚Äôm too picky.,0,[],1.0,https://www.reddit.com/r/datingoverforty/comments/rn1ezf/new_here_single_for_2_years_starting_to_date_but/,some_ads,7,,,,,,,,,,,
37,[],False,Famous_Quantity9348,,[],,text,t2_h6z0skpx,False,False,False,[],False,False,1640287779,self.datingoverforty,https://www.reddit.com/r/datingoverforty/comments/rn3az7/field_research/,{},rn3az7,False,True,False,False,False,True,True,False,,[],,,dark,text,False,False,True,0,0,False,some_ads,/r/datingoverforty/comments/rn3az7/field_research/,False,7,,1640287789,1,"Hi!!

I have spent most of my adult life learning about how to maintain healthy dating/love relationships. With the help of others and a lot of hard work, I have been able to heal and transform my outlook on dating/love. Now, my dream is to work with others with similar dilemmas. I recently finished an extensive coaching program and would love feedback. If you are interested in free coaching sessions from a newbie dating/relationship coach please reach me at amberlavincoaching@gmail.com. Hoping to hone my skills and research different target audiences. Thanks so much for your help as I start this new journey.",True,False,False,datingoverforty,t5_su6ij,64046,public,self,Field Research,0,[],1.0,https://www.reddit.com/r/datingoverforty/comments/rn3az7/field_research/,some_ads,7,,,,,,,,,,,
38,[],False,westernskyyo,,[],,text,t2_a1syyn5x,False,False,False,[],False,False,1640292925,self.datingoverforty,https://www.reddit.com/r/datingoverforty/comments/rn545k/should_we_move_in_together/,{},rn545k,False,True,False,False,False,True,True,False,,[],,,dark,text,False,False,True,0,0,False,some_ads,/r/datingoverforty/comments/rn545k/should_we_move_in_together/,False,7,,1640292935,1,"I am a 45(m) and am a solo parent to a 14yo.  Divorced 6-1/2 years ago.  I have been dating here and there since divorce.  Nothing too serious.  It‚Äôs hard to make the time while solo parent and everything else.  
I started dating a gal 40 yo ~9 months ago and it‚Äôs been really good.  We are good together, she has her life together for the most part, she doesn‚Äôt have kids and never married, she spends time with my son and I.  It‚Äôs been good.  
I just started thinking about asking her if she would like to move in together.  I feel she would want to.  I even brought the subject up to my son.  His initial reaction was that he didn‚Äôt like the idea.  He likes her and thinks it is great I am dating her.  I only brought it up once to him and have left the idea alone.
However, I am still thinking about it.
My concerns are:
- that if my son kicks back if we move in together.
- if I don‚Äôt end up liking living with her
- if I am settling 

I really don‚Äôt want to screw up my relationship with my son or her.

May I get some perspective on this?",True,False,False,datingoverforty,t5_su6ij,64051,public,self,Should we move in together?,0,[],1.0,https://www.reddit.com/r/datingoverforty/comments/rn545k/should_we_move_in_together/,some_ads,7,,,,,,,,,,,
39,[],False,FloatDH2,,[],,text,t2_58w9d466,False,False,False,[],False,False,1640293529,self.datingoverforty,https://www.reddit.com/r/datingoverforty/comments/rn5c6v/texting_coworker_after_first_date_rescheduling/,{},rn5c6v,False,False,False,False,False,False,True,False,,[],,,dark,text,False,False,True,0,0,False,some_ads,/r/datingoverforty/comments/rn5c6v/texting_coworker_after_first_date_rescheduling/,False,7,reddit,1640293539,1,[removed],True,False,False,datingoverforty,t5_su6ij,64053,public,self,Texting co-worker after first date? Rescheduling?,0,[],1.0,https://www.reddit.com/r/datingoverforty/comments/rn5c6v/texting_coworker_after_first_date_rescheduling/,some_ads,7,,,,,,,,,,,
40,[],False,sam-hell,,[],,text,t2_491zo4x5,False,False,False,[],False,False,1640302123,self.datingoverforty,https://www.reddit.com/r/datingoverforty/comments/rn8cxf/love_of_your_life/,{},rn8cxf,False,False,False,False,False,False,True,False,,[],aa73f354-275f-11e9-9763-0ed84ca6f39e,Question,dark,text,False,False,True,0,0,False,some_ads,/r/datingoverforty/comments/rn8cxf/love_of_your_life/,False,7,reddit,1640302134,1,[removed],True,False,False,datingoverforty,t5_su6ij,64056,public,self,Love of your life?,0,[],1.0,https://www.reddit.com/r/datingoverforty/comments/rn8cxf/love_of_your_life/,some_ads,7,,,,,,,,,,,
41,[],False,FloatDH2,,[],,text,t2_58w9d466,False,False,False,[],False,False,1640304851,self.datingoverforty,https://www.reddit.com/r/datingoverforty/comments/rn99j3/texting_coworker_after_first_date_rescheduling/,{},rn99j3,False,False,False,False,False,False,True,False,,[],b50cbf0c-3935-11e9-a609-0e217b8f2048,Seeking Advice,dark,text,False,False,True,0,0,False,some_ads,/r/datingoverforty/comments/rn99j3/texting_coworker_after_first_date_rescheduling/,False,7,reddit,1640304861,1,[removed],True,False,False,datingoverforty,t5_su6ij,64056,public,self,Texting coworker after first date? Rescheduling?,0,[],1.0,https://www.reddit.com/r/datingoverforty/comments/rn99j3/texting_coworker_after_first_date_rescheduling/,some_ads,7,,,,,,,,,,,
42,[],False,Every_Expression_459,,[],,text,t2_68ejmn16,False,False,False,[],False,False,1640312109,i.redd.it,https://www.reddit.com/r/datingoverforty/comments/rnbj97/old_w_little_kids_vs_teens/,{},rnbj97,False,True,False,False,True,True,False,False,,[],e06d24a4-275e-11e9-9b74-0e6a6c05416c,Casual Conversation,dark,text,False,False,True,0,0,False,some_ads,/r/datingoverforty/comments/rnbj97/old_w_little_kids_vs_teens/,False,7,,1640312120,1,,True,False,False,datingoverforty,t5_su6ij,64059,public,https://a.thumbs.redditmedia.com/fRD5S12J11Qz8HBEDsW87sMVSxOANYNZmgun1oY-G50.jpg,OLD w little kids vs teens,0,[],1.0,https://i.redd.it/atooxpnjge781.jpg,some_ads,7,,,,,image,"{'enabled': True, 'images': [{'id': 'mGCfeh1q_kkWKF6VUDoBdfB2SIVvYVZZmNDjDy_Z-7w', 'resolutions': [{'height': 110, 'url': 'https://preview.redd.it/atooxpnjge781.jpg?width=108&amp;crop=smart&amp;auto=webp&amp;s=f140653aaaa156f5698834b4a83fca8738b1258c', 'width': 108}, {'height': 220, 'url': 'https://preview.redd.it/atooxpnjge781.jpg?width=216&amp;crop=smart&amp;auto=webp&amp;s=76e35128f146aad28285f23f734c02d3efa66ceb', 'width': 216}, {'height': 326, 'url': 'https://preview.redd.it/atooxpnjge781.jpg?width=320&amp;crop=smart&amp;auto=webp&amp;s=da2575d5e138f842c4e93117ea9191327fe69ed7', 'width': 320}, {'height': 653, 'url': 'https://preview.redd.it/atooxpnjge781.jpg?width=640&amp;crop=smart&amp;auto=webp&amp;s=d13a06d00af8617923ccab69fe36138b42344e80', 'width': 640}, {'height': 979, 'url': 'https://preview.redd.it/atooxpnjge781.jpg?width=960&amp;crop=smart&amp;auto=webp&amp;s=7ea27639b4db24e849faaf9c429223ebdcf43d61', 'width': 960}, {'height': 1102, 'url': 'https://preview.redd.it/atooxpnjge781.jpg?width=1080&amp;crop=smart&amp;auto=webp&amp;s=3275596a84b4bab0b4d5778bbfbe72c7d37f1f04', 'width': 1080}], 'source': {'height': 1148, 'url': 'https://preview.redd.it/atooxpnjge781.jpg?auto=webp&amp;s=e0bf8b3644a8ea67cdbe9cd52dc9c2e4f522122c', 'width': 1125}, 'variants': {}}]}",,,140.0,140.0,https://i.redd.it/atooxpnjge781.jpg
43,[],False,Lawlers_Law,,[],,text,t2_8iozt,False,False,False,[],False,False,1640312406,self.datingoverforty,https://www.reddit.com/r/datingoverforty/comments/rnbmgr/former_dates_reaching_out_during_holidays/,{},rnbmgr,False,False,False,False,False,False,True,False,,[],,,dark,text,False,False,True,0,0,False,some_ads,/r/datingoverforty/comments/rnbmgr/former_dates_reaching_out_during_holidays/,False,7,reddit,1640312417,1,[removed],True,False,False,datingoverforty,t5_su6ij,64060,public,self,Former dates reaching out during holidays,0,[],1.0,https://www.reddit.com/r/datingoverforty/comments/rnbmgr/former_dates_reaching_out_during_holidays/,some_ads,7,,,,,,,,,,,
44,[],False,EquivalentPuzzled,,[],,text,t2_7c3cj1e2,False,False,False,[],False,False,1640320290,self.datingoverforty,https://www.reddit.com/r/datingoverforty/comments/rne179/why_are_we_still_referred_to_as_sweetie/,{},rne179,False,False,False,False,False,False,True,False,,[],,,dark,text,False,False,True,0,0,False,some_ads,/r/datingoverforty/comments/rne179/why_are_we_still_referred_to_as_sweetie/,False,7,reddit,1640320300,1,[removed],True,False,False,datingoverforty,t5_su6ij,64062,public,self,Why are we still referred to as sweetie ?,0,[],1.0,https://www.reddit.com/r/datingoverforty/comments/rne179/why_are_we_still_referred_to_as_sweetie/,some_ads,7,,,,,,,,,,,
45,[],False,SurplusLand,,[],,text,t2_4tgyib9t,False,False,False,[],False,False,1640322719,self.datingoverforty,https://www.reddit.com/r/datingoverforty/comments/rner88/am_i_just_randomly_friends_with_all_the_good_men/,{},rner88,False,False,False,False,False,False,True,False,,[],,,dark,text,False,False,True,0,0,False,some_ads,/r/datingoverforty/comments/rner88/am_i_just_randomly_friends_with_all_the_good_men/,False,7,reddit,1640322729,1,[removed],True,False,False,datingoverforty,t5_su6ij,64065,public,self,Am I just randomly friends with all the good men?,0,[],1.0,https://www.reddit.com/r/datingoverforty/comments/rner88/am_i_just_randomly_friends_with_all_the_good_men/,some_ads,7,,,,,,,,,,,
46,[],False,bearam123,,[],,text,t2_167h8d,False,False,False,[],False,False,1640326773,self.datingoverforty,https://www.reddit.com/r/datingoverforty/comments/rnfwyz/how_soon_should_i_be_honest_about_my/,{},rnfwyz,False,False,False,False,False,False,True,False,,[],,,dark,text,False,False,True,0,0,False,some_ads,/r/datingoverforty/comments/rnfwyz/how_soon_should_i_be_honest_about_my/,False,7,reddit,1640326783,1,[removed],True,False,False,datingoverforty,t5_su6ij,64068,public,self,How soon should I be honest about my circumstances when dating?,0,[],1.0,https://www.reddit.com/r/datingoverforty/comments/rnfwyz/how_soon_should_i_be_honest_about_my/,some_ads,7,,,,,,,,,,,
47,[],False,Mattsus,,[],,text,t2_r8zd45v,False,False,False,[],False,False,1640331075,self.datingoverforty,https://www.reddit.com/r/datingoverforty/comments/rnh1oc/anyone_here_dated_an_indian_woman/,{},rnh1oc,False,False,False,False,False,False,True,False,,[],b50cbf0c-3935-11e9-a609-0e217b8f2048,Seeking Advice,dark,text,False,False,True,0,0,False,some_ads,/r/datingoverforty/comments/rnh1oc/anyone_here_dated_an_indian_woman/,False,7,reddit,1640331085,1,[removed],True,False,False,datingoverforty,t5_su6ij,64072,public,self,Anyone here dated an Indian woman?,0,[],1.0,https://www.reddit.com/r/datingoverforty/comments/rnh1oc/anyone_here_dated_an_indian_woman/,some_ads,7,,,,,,,,,,,
48,[],False,ewdontdothat,,[],,text,t2_7bsb129e,False,False,False,[],False,False,1640351937,self.datingoverforty,https://www.reddit.com/r/datingoverforty/comments/rnm6vf/need_ideas/,{},rnm6vf,False,False,False,False,False,False,True,False,,[],,,dark,text,False,False,True,0,0,False,some_ads,/r/datingoverforty/comments/rnm6vf/need_ideas/,False,7,reddit,1640351948,1,[removed],True,False,False,datingoverforty,t5_su6ij,64083,public,self,Need ideas,0,[],1.0,https://www.reddit.com/r/datingoverforty/comments/rnm6vf/need_ideas/,some_ads,7,,,,,,,,,,,
49,[],False,UpsetScientist6189,,[],,text,t2_dxti07rf,False,False,False,[],False,False,1640360567,self.datingoverforty,https://www.reddit.com/r/datingoverforty/comments/rnorrm/dating/,{},rnorrm,False,True,False,False,False,True,True,False,,[],,,dark,text,False,False,True,0,0,False,some_ads,/r/datingoverforty/comments/rnorrm/dating/,False,7,,1640360578,1,The year is about to end and I feel like I'm ready to go into the dating pool again... please you are a lady from (40 yrs or above)  and you feel the same way...don't be shy to say hi üëã ... would definitely love to grab a coffee with you.,True,False,False,datingoverforty,t5_su6ij,64085,public,self,Dating,0,[],1.0,https://www.reddit.com/r/datingoverforty/comments/rnorrm/dating/,some_ads,7,,,,,,,,,,,
50,[],False,Faintingtime,,[],,text,t2_dx9icw0p,False,False,False,[],False,False,1640375044,self.datingoverforty,https://www.reddit.com/r/datingoverforty/comments/rntcy4/i_broke_with_a_woman_8_years_my_senior/,{},rntcy4,False,False,False,False,False,False,True,False,,[],,,dark,text,False,False,True,0,0,False,some_ads,/r/datingoverforty/comments/rntcy4/i_broke_with_a_woman_8_years_my_senior/,False,7,reddit,1640375054,1,[removed],True,False,False,datingoverforty,t5_su6ij,64094,public,self,I broke with a woman 8 years my senior,0,[],1.0,https://www.reddit.com/r/datingoverforty/comments/rntcy4/i_broke_with_a_woman_8_years_my_senior/,some_ads,7,,,,,,,,,,,
51,[],False,HappyButterFly123,,[],,text,t2_gh60buhz,False,False,False,[],False,False,1640380815,self.datingoverforty,https://www.reddit.com/r/datingoverforty/comments/rnv51e/why/,{},rnv51e,False,True,False,False,False,True,True,False,,[],aa73f354-275f-11e9-9763-0ed84ca6f39e,Question,dark,text,False,False,True,0,0,False,some_ads,/r/datingoverforty/comments/rnv51e/why/,False,7,,1640380825,1,"Why do so many of you use outdated scammer dating sites like Match, OKC, POF, etc? What are you scared of?

Why don't you use Tinder, Bumble or Hinge? Don't use the bs line that these are hookup sites. The only people who say this are incels, Karens,  catfishers , people who  couldn't get laid in a morgue, etc.",True,False,False,datingoverforty,t5_su6ij,64099,public,self,Why?,0,[],1.0,https://www.reddit.com/r/datingoverforty/comments/rnv51e/why/,some_ads,7,,,,,,,,,,,
52,[],False,MaliciousShrimp,,[],,text,t2_hfeqg7c3,False,False,True,[],False,False,1640388904,self.datingoverforty,https://www.reddit.com/r/datingoverforty/comments/rnxjvy/is_it_normal_for_my_22f_fiance_43m_to_be/,{},rnxjvy,False,False,False,False,False,False,True,False,,[],b50cbf0c-3935-11e9-a609-0e217b8f2048,Seeking Advice,dark,text,False,False,True,0,0,False,some_ads,/r/datingoverforty/comments/rnxjvy/is_it_normal_for_my_22f_fiance_43m_to_be/,False,7,reddit,1640388915,1,[removed],True,False,False,datingoverforty,t5_su6ij,64100,public,self,Is it normal for my [22F] fiance [43M] to be attracted to girls as young as myself? Would you consider it as someone who is 40+?,0,[],1.0,https://www.reddit.com/r/datingoverforty/comments/rnxjvy/is_it_normal_for_my_22f_fiance_43m_to_be/,some_ads,7,,,,,,,,,,,
53,[],False,KillerManicorn69,,[],,text,t2_37v6lnmr,False,False,False,[],False,False,1640390026,self.datingoverforty,https://www.reddit.com/r/datingoverforty/comments/rnxvsw/small_request_for_all_the_the_women_can_yall/,{},rnxvsw,False,False,False,False,False,False,True,False,,[],aa73f354-275f-11e9-9763-0ed84ca6f39e,Question,dark,text,False,False,True,0,0,False,some_ads,/r/datingoverforty/comments/rnxvsw/small_request_for_all_the_the_women_can_yall/,False,7,reddit,1640390037,1,[removed],True,False,False,datingoverforty,t5_su6ij,64102,public,self,Small request for all the the women. Can y‚Äôall please stop asking Santa find r the prefect man for Christmas? I almost got kidnapped three times yesterday and again just now.,0,[],1.0,https://www.reddit.com/r/datingoverforty/comments/rnxvsw/small_request_for_all_the_the_women_can_yall/,some_ads,7,,,,,,,,,,,
54,[],False,lifeblood74,,[],,text,t2_9lx2form,False,False,False,[],False,False,1640393047,self.datingoverforty,https://www.reddit.com/r/datingoverforty/comments/rnyrvb/distance_an_issue_in_dating/,{},rnyrvb,False,False,False,False,False,False,True,False,,[],aa73f354-275f-11e9-9763-0ed84ca6f39e,Question,dark,text,False,False,True,0,0,False,some_ads,/r/datingoverforty/comments/rnyrvb/distance_an_issue_in_dating/,False,7,reddit,1640393057,1,[removed],True,False,False,datingoverforty,t5_su6ij,64103,public,self,Distance an issue in dating?,0,[],1.0,https://www.reddit.com/r/datingoverforty/comments/rnyrvb/distance_an_issue_in_dating/,some_ads,7,,,,,,,,,,,
55,[],False,good_grief77,,[],,text,t2_7fzzheck,False,False,False,[],False,False,1640393249,self.datingoverforty,https://www.reddit.com/r/datingoverforty/comments/rnytzs/so_this_is_christmas_and_what_have_you_done_this/,{},rnytzs,False,True,False,False,False,True,True,False,,[],,,dark,text,False,False,True,0,0,False,some_ads,/r/datingoverforty/comments/rnytzs/so_this_is_christmas_and_what_have_you_done_this/,False,7,,1640393260,1,"I‚Äôll go first, I gave up the apps and found that being single isn‚Äôt so bad. Maybe I‚Äôll revisit them at some point, but for now I am at peace with my place in life.

Merry Christmas üéÑ everyone!",True,False,False,datingoverforty,t5_su6ij,64103,public,self,So this is Christmas and what have you done (this past year)?,0,[],1.0,https://www.reddit.com/r/datingoverforty/comments/rnytzs/so_this_is_christmas_and_what_have_you_done_this/,some_ads,7,,,,,,,,,,,
56,[],False,Missey-77,,[],,text,t2_6xc71p4l,False,False,False,[],False,False,1640399899,self.datingoverforty,https://www.reddit.com/r/datingoverforty/comments/ro0mpm/merry_xmas_everyone/,{},ro0mpm,False,False,False,False,False,False,True,False,,[],,,dark,text,False,False,True,0,0,False,some_ads,/r/datingoverforty/comments/ro0mpm/merry_xmas_everyone/,False,7,reddit,1640399909,1,[removed],True,False,False,datingoverforty,t5_su6ij,64107,public,self,Merry Xmas Everyone ü•∞,0,[],1.0,https://www.reddit.com/r/datingoverforty/comments/ro0mpm/merry_xmas_everyone/,some_ads,7,,,,,,,,,,,
57,[],False,Capital_Pace_600,,[],,text,t2_fj3k17e3,False,False,False,[],False,False,1640412610,i.redd.it,https://www.reddit.com/r/datingoverforty/comments/ro3w3w/i_am_so_interested_to_older_than_me_i_am_tiffany/,{},ro3w3w,False,True,False,False,True,True,False,False,,[],,,dark,text,False,False,True,0,0,False,some_ads,/r/datingoverforty/comments/ro3w3w/i_am_so_interested_to_older_than_me_i_am_tiffany/,False,7,,1640412621,1,,True,False,False,datingoverforty,t5_su6ij,64124,public,https://b.thumbs.redditmedia.com/gV6tBngpV1WPkVUxAlxoAB2bqp5B-P4Rhz9vI9Culso.jpg,I am so interested to Older than meü•∞. I am Tiffany 23 yrs old.from Philippines. Chat me on Whatsapp or Telegram +639106575822,0,[],1.0,https://i.redd.it/5cz4k7rdrm781.jpg,some_ads,7,,,,,image,"{'enabled': True, 'images': [{'id': 'UNa5LhE1uoIwg3T4yVucnPqDmsxYf4cNbKjQ7HvWGl8', 'resolutions': [{'height': 108, 'url': 'https://preview.redd.it/5cz4k7rdrm781.jpg?width=108&amp;crop=smart&amp;auto=webp&amp;s=2e779599b14b19952892e84ca38b533b01c8494a', 'width': 108}, {'height': 216, 'url': 'https://preview.redd.it/5cz4k7rdrm781.jpg?width=216&amp;crop=smart&amp;auto=webp&amp;s=30c93ddf33327af67de2e423e62e8ade5305514b', 'width': 216}, {'height': 320, 'url': 'https://preview.redd.it/5cz4k7rdrm781.jpg?width=320&amp;crop=smart&amp;auto=webp&amp;s=31c121100caf1e75be69238e7bb1edf54640703c', 'width': 320}, {'height': 640, 'url': 'https://preview.redd.it/5cz4k7rdrm781.jpg?width=640&amp;crop=smart&amp;auto=webp&amp;s=1bd05035b121eeaf99672aab1a1f6b5bdf360cb2', 'width': 640}], 'source': {'height': 640, 'url': 'https://preview.redd.it/5cz4k7rdrm781.jpg?auto=webp&amp;s=09ead8740b75f636ba47397ac489888b32f01bad', 'width': 640}, 'variants': {}}]}",,,140.0,140.0,https://i.redd.it/5cz4k7rdrm781.jpg
58,[],False,jokaer26,,[],,text,t2_w8x6z,False,False,False,[],False,False,1640425157,self.datingoverforty,https://www.reddit.com/r/datingoverforty/comments/ro6rkd/anyone_watch_spirit_science_videos_on_you_tube/,{},ro6rkd,False,True,False,False,False,True,True,False,,[],,,dark,text,False,False,True,0,0,False,some_ads,/r/datingoverforty/comments/ro6rkd/anyone_watch_spirit_science_videos_on_you_tube/,False,7,,1640425168,1,,True,False,False,datingoverforty,t5_su6ij,64133,public,self,Anyone watch Spirit Science videos on you tube and know or interested in their topics such as sacred geometry ? I find it fascinating but difficult to understand,0,[],1.0,https://www.reddit.com/r/datingoverforty/comments/ro6rkd/anyone_watch_spirit_science_videos_on_you_tube/,some_ads,7,,,,,,,,,,,
59,[],False,Pxtbw,,[],40/M,text,t2_e9j0dscx,False,False,False,[],False,False,1640428259,self.datingoverforty,https://www.reddit.com/r/datingoverforty/comments/ro7fhh/i_can_finally_post_here/,{},ro7fhh,False,False,False,False,False,False,True,False,,[],e06d24a4-275e-11e9-9b74-0e6a6c05416c,Casual Conversation,dark,text,False,False,True,0,0,False,some_ads,/r/datingoverforty/comments/ro7fhh/i_can_finally_post_here/,False,7,reddit,1640428269,1,[removed],True,False,False,datingoverforty,t5_su6ij,64135,public,self,I can finally post here,0,[],1.0,https://www.reddit.com/r/datingoverforty/comments/ro7fhh/i_can_finally_post_here/,some_ads,7,223fa3e8-26b0-11e9-b919-0efba316e530,dark,,,,,,,,,
60,[],False,Lovely63527,,[],,text,t2_hwqrno1t,False,False,False,[],False,False,1640432782,self.datingoverforty,https://www.reddit.com/r/datingoverforty/comments/ro8e43/im_looking_for_a_trustworthy_sugar_baby_that_i/,{},ro8e43,False,False,False,False,False,False,True,False,,[],,,dark,text,False,False,True,1,0,False,some_ads,/r/datingoverforty/comments/ro8e43/im_looking_for_a_trustworthy_sugar_baby_that_i/,False,7,moderator,1640432792,1,[removed],True,False,False,datingoverforty,t5_su6ij,64137,public,self,I‚Äôm looking for a trustworthy sugar baby that I can trust and take good care of all need and help financially... text me on,0,[],1.0,https://www.reddit.com/r/datingoverforty/comments/ro8e43/im_looking_for_a_trustworthy_sugar_baby_that_i/,some_ads,7,,,,,,,,,,,
61,[],False,Saa_30,,[],,text,t2_6a54iqzv,False,False,False,[],False,False,1640444353,self.datingoverforty,https://www.reddit.com/r/datingoverforty/comments/rob7qm/dating_older_ppl/,{},rob7qm,False,True,False,False,False,True,True,False,,[],b50cbf0c-3935-11e9-a609-0e217b8f2048,Seeking Advice,dark,text,False,False,True,0,0,False,some_ads,/r/datingoverforty/comments/rob7qm/dating_older_ppl/,False,7,,1640444364,1,"I‚Äôm a 21M, that had sex w only 1 girl, I‚Äôm looking for advice on how to date someone older, looking for more pleasure and to get more experience. Any advice? 
Give me a dm, Im in shape, 21 yo and 7 in.",True,False,False,datingoverforty,t5_su6ij,64142,public,self,Dating older ppl,0,[],1.0,https://www.reddit.com/r/datingoverforty/comments/rob7qm/dating_older_ppl/,some_ads,7,,,,,,,,,,,
62,[],False,throwawaydaisy11,,[],,text,t2_hwya7mxf,False,False,False,[],False,False,1640449794,self.datingoverforty,https://www.reddit.com/r/datingoverforty/comments/rocpjd/possibly_pregnant_as_a_guy_how_would_you_want_to/,{},rocpjd,False,False,False,False,False,False,True,False,,[],,,dark,text,False,False,True,1,0,False,some_ads,/r/datingoverforty/comments/rocpjd/possibly_pregnant_as_a_guy_how_would_you_want_to/,False,7,moderator,1640449805,1,[removed],True,False,False,datingoverforty,t5_su6ij,64150,public,self,"Possibly pregnant... As a guy, how would you want to be told?",0,[],1.0,https://www.reddit.com/r/datingoverforty/comments/rocpjd/possibly_pregnant_as_a_guy_how_would_you_want_to/,some_ads,7,,,,,,,,,,,
63,[],False,beans0913,,[],,text,t2_4xdzokqn,False,False,False,[],False,False,1640451061,self.datingoverforty,https://www.reddit.com/r/datingoverforty/comments/rod279/the_toughest_part_about_being_divorcedsingle_for/,{},rod279,False,False,False,False,False,False,True,False,,[],e06d24a4-275e-11e9-9b74-0e6a6c05416c,Casual Conversation,dark,text,False,False,True,0,0,False,some_ads,/r/datingoverforty/comments/rod279/the_toughest_part_about_being_divorcedsingle_for/,False,7,reddit,1640451072,1,[removed],True,False,False,datingoverforty,t5_su6ij,64152,public,self,The toughest part about being divorced/single for me around the holidays,0,[],1.0,https://www.reddit.com/r/datingoverforty/comments/rod279/the_toughest_part_about_being_divorcedsingle_for/,some_ads,7,,,,,,,,,,,
64,[],False,Clever_UN_2pt0,,[],,text,t2_e5hpn6oa,False,False,False,[],False,False,1640451090,self.datingoverforty,https://www.reddit.com/r/datingoverforty/comments/rod2hz/people_with_young_kids_are_you_waiting_to_date/,{},rod2hz,False,True,False,False,False,True,True,False,,[],,,dark,text,False,False,True,0,0,False,some_ads,/r/datingoverforty/comments/rod2hz/people_with_young_kids_are_you_waiting_to_date/,False,7,,1640451101,1,"I‚Äôve been dating a single dad for 4 months. It‚Äôs been awesome. I also have 3 small kids. It‚Äôs been going really well, but yesterday a dealbreaker happened. I‚Äôm not interested in going over the details- suffice to say it is an insurmountable parenting difference. 

I dated a single guy with no kids who didn‚Äôt get parenting at all, too. 

I‚Äôm trying to decide if what is best is simply not dating at all until my children are older? I imagine now, when my youngest is a toddler and my oldest is in 1st grade, these parenting differences will be common no matter who I date..? What are your experiences with this?",True,False,False,datingoverforty,t5_su6ij,64152,public,self,"People with young kids, are you waiting to date until they‚Äôre older?",0,[],1.0,https://www.reddit.com/r/datingoverforty/comments/rod2hz/people_with_young_kids_are_you_waiting_to_date/,some_ads,7,,,,,,,,,,,
65,[],False,spazpekker,,[],,text,t2_47q05ncj,False,False,False,[],False,False,1640459735,self.datingoverforty,https://www.reddit.com/r/datingoverforty/comments/rofjwp/truthful_blunt_the_darkest_way_possible_italian/,{},rofjwp,False,True,False,False,False,True,True,False,,[],,,dark,text,False,False,True,0,0,False,some_ads,/r/datingoverforty/comments/rofjwp/truthful_blunt_the_darkest_way_possible_italian/,False,7,,1640459746,1,,True,False,False,datingoverforty,t5_su6ij,64158,public,self,"Truthful. Blunt. The darkest way possible. Italian English. I do drugs, smoke, lie, like cryptic crosswords, into investing stocks. And that‚Äôs all.",0,[],1.0,https://www.reddit.com/r/datingoverforty/comments/rofjwp/truthful_blunt_the_darkest_way_possible_italian/,some_ads,7,,,,,,,,,,,
66,[],False,TheWorksOfGSaucer,,[],,text,t2_fg7b86oa,False,False,True,[],False,False,1640464219,self.datingoverforty,https://www.reddit.com/r/datingoverforty/comments/rogubf/for_do40_gals_what_would_sway_you_in_the/,{},rogubf,False,True,False,False,False,True,True,False,,[],628375fa-4425-11e9-9805-0e7c3aad8200,Discussion,dark,text,False,False,True,0,0,False,some_ads,/r/datingoverforty/comments/rogubf/for_do40_gals_what_would_sway_you_in_the/,False,7,,1640464230,1,"...am so disappointed  for entertaining this thought, as it's romantically uncharacteristic of me to even bring things like this  up in real life. Buuuuut...and it's a Big One for me because, found  myself going on dates with men in the past who value money more than a person they are accompanied by, whom they had interest in sharing a date experience with...and ALL they ever focus on is themselves worrying about you the date having less money than them...

History teaches us...women have been oppressed wether we are black or yellow or ginger...in our levels of earning potential,  yet...Men can shamelessly take advantage if we are making more than them. 

I don't think I'll ever  find a person behind a facade of Male dating partner who can honestly say money and status doesn't matter to him. 

?? Thoughts, discuss please kindly!!",True,False,False,datingoverforty,t5_su6ij,64162,public,self,?? for DO40 Gals: What would sway you in the direction of repeating a date ?? why go on a date at ALL if your potential partner ONLY thinks about you in terms of economic stability...,0,[],1.0,https://www.reddit.com/r/datingoverforty/comments/rogubf/for_do40_gals_what_would_sway_you_in_the/,some_ads,7,,,,,,,,,,,
67,[],False,Pristine_Win7257,,[],,text,t2_htyfmftg,False,False,False,[],False,False,1640465458,self.datingoverforty,https://www.reddit.com/r/datingoverforty/comments/roh74l/whats_with_the_creepy_pms/,{},roh74l,False,True,False,False,False,True,True,False,,[],aa73f354-275f-11e9-9763-0ed84ca6f39e,Question,dark,text,False,False,False,0,0,False,some_ads,/r/datingoverforty/comments/roh74l/whats_with_the_creepy_pms/,False,7,,1640465469,1,"I‚Äôm relatively new here. Literally posted once so far and commented on a couple of other posts. While I am so glad I found this sub and have received a couple of legitimate, helpful, wholesome messages that I happily welcome, I‚Äôm also getting some really creepy ones. Is that ‚Äúnormal‚Äù??? What‚Äôs the protocol? I can‚Äôt think of anything about my post that would invite such a thing.",True,False,False,datingoverforty,t5_su6ij,64162,public,self,What‚Äôs with the creepy PM‚Äôs?,0,[],1.0,https://www.reddit.com/r/datingoverforty/comments/roh74l/whats_with_the_creepy_pms/,some_ads,7,,,,,,,,,,,
68,[],False,Beyondblessed23,,[],,text,t2_h9w6e8nt,False,False,False,[],False,False,1640482288,self.datingoverforty,https://www.reddit.com/r/datingoverforty/comments/rom73e/newly_divorced_after_25_yrs_i_want_to_meet_up/,{},rom73e,False,True,False,False,False,True,True,False,,[],,,dark,text,False,False,True,0,0,False,some_ads,/r/datingoverforty/comments/rom73e/newly_divorced_after_25_yrs_i_want_to_meet_up/,False,7,,1640482299,1,,True,False,False,datingoverforty,t5_su6ij,64171,public,self,Newly divorced after 25 yrs. I want to meet up with people to talk and enjoy company but not even sure how to start. Everything seems so different now‚Ä¶.: don‚Äôt even get me started on just how odd it feels to be on the dating scene again.,0,[],1.0,https://www.reddit.com/r/datingoverforty/comments/rom73e/newly_divorced_after_25_yrs_i_want_to_meet_up/,some_ads,7,,,,,,,,,,,
69,[],False,lauralove941,,[],,text,t2_2neh1hbl,False,False,False,[],False,False,1640486028,self.datingoverforty,https://www.reddit.com/r/datingoverforty/comments/rona0r/does_anyone_else_have_an_issue_because_they_are/,{},rona0r,False,False,False,False,False,False,True,False,,[],b50cbf0c-3935-11e9-a609-0e217b8f2048,Seeking Advice,dark,text,False,False,True,0,0,False,some_ads,/r/datingoverforty/comments/rona0r/does_anyone_else_have_an_issue_because_they_are/,False,7,reddit,1640486039,1,[removed],True,False,False,datingoverforty,t5_su6ij,64172,public,self,Does anyone else have an issue because they are 50 but feel 30?,0,[],1.0,https://www.reddit.com/r/datingoverforty/comments/rona0r/does_anyone_else_have_an_issue_because_they_are/,some_ads,7,,,,,,,,,,,
70,[],False,billyrubin1,,[],,text,t2_cgk423a,False,False,False,[],False,False,1640489421,self.datingoverforty,https://www.reddit.com/r/datingoverforty/comments/roo992/does_anyone_remember_when_on_line_dating_began/,{},roo992,False,False,False,False,False,False,True,False,,[],,,dark,text,False,False,True,0,0,False,some_ads,/r/datingoverforty/comments/roo992/does_anyone_remember_when_on_line_dating_began/,False,7,reddit,1640489431,1,[removed],True,False,False,datingoverforty,t5_su6ij,64180,public,self,Does anyone remember when on line dating began with three letters....ASL ?,0,[],1.0,https://www.reddit.com/r/datingoverforty/comments/roo992/does_anyone_remember_when_on_line_dating_began/,some_ads,7,,,,,,,,,,,
71,[],False,Lovelust_1,,[],,text,t2_hi8vwhkq,False,False,False,[],False,False,1640498655,self.datingoverforty,https://www.reddit.com/r/datingoverforty/comments/roqsgt/single_and_happy_but_need_physical_contact/,{},roqsgt,False,True,False,False,False,True,True,False,,[],b50cbf0c-3935-11e9-a609-0e217b8f2048,Seeking Advice,dark,text,False,False,True,0,0,False,some_ads,/r/datingoverforty/comments/roqsgt/single_and_happy_but_need_physical_contact/,False,7,,1640498665,1,"I‚Äôve been single for 2 years and am learning to live my best life. I love my single life, not bored for the most part but miss physical contact. Since I became single during the COVID epidemic, physical touch has been null and void.

I am on dating sites and an open to FWB but most men only want the ‚Äú benefits‚Äù.  I want the friend part or a boyfriend experience. Any advice on how to get a real FWB connection?",True,False,False,datingoverforty,t5_su6ij,64194,public,self,Single and happy but need physical contact.,0,[],1.0,https://www.reddit.com/r/datingoverforty/comments/roqsgt/single_and_happy_but_need_physical_contact/,some_ads,7,,,,,,,,,,,
72,[],False,lancyhiya214,,[],,text,t2_hxwdv8wg,False,False,False,[],False,False,1640523767,i.redd.it,https://www.reddit.com/r/datingoverforty/comments/rowj66/heyima_singlegallokingfromeaddmeonsnapchat/,{},rowj66,False,False,False,False,True,False,False,False,,[],b50cbf0c-3935-11e9-a609-0e217b8f2048,Seeking Advice,dark,text,False,False,True,0,0,False,some_ads,/r/datingoverforty/comments/rowj66/heyima_singlegallokingfromeaddmeonsnapchat/,False,7,reddit,1640523778,1,,True,False,False,datingoverforty,t5_su6ij,64217,public,https://b.thumbs.redditmedia.com/00zgRIQ5f_FKUuIUG0lA5gTctsQgT2wJiA9WbBe10mA.jpg,Hey.im.a single.gal.loking.fro.me.add.me.on.Snapchat..? lancyhiya,0,[],1.0,https://i.redd.it/gudjxcpwxv781.jpg,some_ads,7,,,,,image,"{'enabled': True, 'images': [{'id': 'lAshJZviG1rb_S-T2aK3B__ahhDbHVXZomS4-mFJtoA', 'resolutions': [{'height': 108, 'url': 'https://preview.redd.it/gudjxcpwxv781.jpg?width=108&amp;crop=smart&amp;auto=webp&amp;s=d65037b08f5e496431f48377b5b9914ccf5ab76b', 'width': 108}, {'height': 216, 'url': 'https://preview.redd.it/gudjxcpwxv781.jpg?width=216&amp;crop=smart&amp;auto=webp&amp;s=5da2a765c3c3811283e1d931b913affa0b56976d', 'width': 216}, {'height': 320, 'url': 'https://preview.redd.it/gudjxcpwxv781.jpg?width=320&amp;crop=smart&amp;auto=webp&amp;s=f6e12ef3047be9ac4c4aa64a21047cf79fed5078', 'width': 320}, {'height': 640, 'url': 'https://preview.redd.it/gudjxcpwxv781.jpg?width=640&amp;crop=smart&amp;auto=webp&amp;s=25241418ff8e781ee1b69422d14345aa58703cb0', 'width': 640}], 'source': {'height': 720, 'url': 'https://preview.redd.it/gudjxcpwxv781.jpg?auto=webp&amp;s=05f3a01735b55f550cb5868774fb9c21624c5aa8', 'width': 720}, 'variants': {}}]}",,,140.0,140.0,https://i.redd.it/gudjxcpwxv781.jpg
73,[],False,DapperDan1929,,[],,text,t2_mtaztzi,False,False,False,[],False,False,1640545051,self.datingoverforty,https://www.reddit.com/r/datingoverforty/comments/rp3bas/women_would_you_date_a_therapist/,{},rp3bas,False,False,False,False,False,False,True,False,,[],,,dark,text,False,False,True,0,0,False,some_ads,/r/datingoverforty/comments/rp3bas/women_would_you_date_a_therapist/,False,7,reddit,1640545062,1,[removed],True,False,False,datingoverforty,t5_su6ij,64239,public,self,Women - Would you date a therapist?,0,[],1.0,https://www.reddit.com/r/datingoverforty/comments/rp3bas/women_would_you_date_a_therapist/,some_ads,7,,,,,,,,,,,
74,[],False,RelationshipThrwAwy0,,[],,text,t2_f4i1vo6l,False,False,False,[],False,False,1640545085,self.datingoverforty,https://www.reddit.com/r/datingoverforty/comments/rp3bom/getting_back_into_dating_has_made_me_a_bit_self/,{},rp3bom,False,True,False,False,False,True,True,False,,[],b50cbf0c-3935-11e9-a609-0e217b8f2048,Seeking Advice,dark,text,False,False,True,0,0,False,some_ads,/r/datingoverforty/comments/rp3bom/getting_back_into_dating_has_made_me_a_bit_self/,False,7,,1640545095,1,"40 and getting back into the dating scene after a LTR.  I've always had a medical issue with my legs which don't make them my best feature.  Basically my one leg tends to swell a bit and the skin is discolored (I don't need any medical advice as I know exactly what the issue is etc lol).  Years ago when it became more visible I was a bit self conscious about it, wouldn't wear shorts outside etc, but then I just got tired of being hot lol and decided I didn't care.

However I happened to get a date awhile ago and we seemed to connect well talking and the date went well, just coffee and talking etc.  We went for a walk afterwards and she suddenly noticed my leg, I hadn't even thought about it till her reaction, and just briefly explained the situation.  But her vibe seemed to change after this and then after the date she just kinda ghosted me.

For years I haven't had a second thought about being out in public in shorts but after this date it brought back a lot of those initial insecurities I thought I was over.  Just paranoid this is going to be like a permanent deal breaker going forward.",True,False,False,datingoverforty,t5_su6ij,64239,public,self,Getting back into dating has made me a bit self conscious on something I haven't been for awhile.,0,[],1.0,https://www.reddit.com/r/datingoverforty/comments/rp3bom/getting_back_into_dating_has_made_me_a_bit_self/,some_ads,7,,,,,,,,,,,
75,[],False,LAbeachrefugee,,[],,text,t2_dzgi0zy0,False,False,False,[],False,False,1640547920,self.datingoverforty,https://www.reddit.com/r/datingoverforty/comments/rp49vz/a_happy_story/,{},rp49vz,False,True,False,False,False,True,True,False,,[],e06d24a4-275e-11e9-9b74-0e6a6c05416c,Casual Conversation,dark,text,False,False,True,0,0,False,some_ads,/r/datingoverforty/comments/rp49vz/a_happy_story/,False,7,,1640547931,1,"I (49 m) have been reading through this sub and a few other ones related to dating , especially OLD due to Covid limitations, and I wanted to say that the advice given here actually works if followed. I was terrified to try OLD and did a lot of reading up on how to approach it, including red flags to be aware of as well as how not to come across badly. Guess what? It worked. I joined a good quality site that I had to pay a bit for, but I really put effort into what I wrote and did the choose a few good photos thing (no fish!) I also took time to send messages that asked about what the other person wrote in their bio, or made sure to if they messaged mw first. 

When I made contact with someone our chats were always above board and interesting, and I never acted creepy. I had several amazing (and two horrid) video dates, and a few in-person after that. All of them were great. The dates were all with women in their mid forties to early fifties. They are all marvelous people and they commented on how I wasn‚Äôt like the usual set of guys they run into. All I could think was ‚ÄúWow, this advice works.‚Äù 

That plus taking my time to have dealt with past issues through therapy as well as improving myself to the point where I knew, or at least believed, I was ready to start a relationship and to be able to meet my future partner as a complete person, I think it all enabled me to have success at dating, even during this time. 

I have found someone amazing and we are starting a fun and romantic adventure. I don‚Äôt know where it will lead, but I had the most wonderful Christmas I have had since my divorce 6 years ago. I was with my kids, my friends and my new love interest. I didn‚Äôt think that would happen to me again, yet it did.

I wish you all the best, and don‚Äôt give up. There are good people out there, you just have to be careful, but don‚Äôt give up hope. Peace.",True,False,False,datingoverforty,t5_su6ij,64247,public,self,A happy story,0,[],1.0,https://www.reddit.com/r/datingoverforty/comments/rp49vz/a_happy_story/,some_ads,7,,,,,,,,,,,
76,[],False,crumblerump,,[],,text,t2_hrl4oqet,False,False,False,[],False,False,1640554182,self.datingoverforty,https://www.reddit.com/r/datingoverforty/comments/rp68an/does_anyone_else_have_strict_age_limits02_years/,{},rp68an,False,True,False,False,False,True,True,False,,[],e06d24a4-275e-11e9-9b74-0e6a6c05416c,Casual Conversation,dark,text,False,False,True,0,0,False,some_ads,/r/datingoverforty/comments/rp68an/does_anyone_else_have_strict_age_limits02_years/,False,7,,1640554192,1,"The most successful relationships I‚Äôve had were with people super close in age. Last LTR was a 9 year difference...and just...never again! Anything beyond a year younger is weird to me too. Also I‚Äôve noticed that I don‚Äôt do as well with someone from a far off place (tried this too, and sucks because I love all different countries and people) The ideal partner should be originally from/raised around these few states. It‚Äôs weird but it‚Äôs like no one else clicks. What are your strange dating preferences?",True,False,False,datingoverforty,t5_su6ij,64258,public,self,"Does anyone else have strict age limits(0-2 years older) , or other difficult to fit needs?",0,[],1.0,https://www.reddit.com/r/datingoverforty/comments/rp68an/does_anyone_else_have_strict_age_limits02_years/,some_ads,7,,,,,,,,,,,
77,[],False,braainnsss,,[],,text,t2_dplm58ov,False,False,False,[],False,False,1640554232,self.datingoverforty,https://www.reddit.com/r/datingoverforty/comments/rp692b/i_still_want_sex_all_the_time_can_most_40_men/,{},rp692b,False,False,False,False,False,False,True,False,,[],aa73f354-275f-11e9-9763-0ed84ca6f39e,Question,dark,text,False,False,True,0,0,True,some_ads,/r/datingoverforty/comments/rp692b/i_still_want_sex_all_the_time_can_most_40_men/,False,7,reddit,1640554243,1,[removed],True,False,False,datingoverforty,t5_su6ij,64258,public,nsfw,"I still want sex all the time, can most 40+ men handle it?",0,[],1.0,https://www.reddit.com/r/datingoverforty/comments/rp692b/i_still_want_sex_all_the_time_can_most_40_men/,promo_adult_nsfw,3,,,,,,,,,,,
78,[],False,TheWorksOfGSaucer,,[],,text,t2_fg7b86oa,False,False,True,[],False,False,1640569596,self.datingoverforty,https://www.reddit.com/r/datingoverforty/comments/rpbj71/this_article_triggered_me_to_dry_drinking_not/,{},rpbj71,False,True,False,False,False,True,True,False,,[],,,dark,text,False,False,True,0,0,False,some_ads,/r/datingoverforty/comments/rpbj71/this_article_triggered_me_to_dry_drinking_not/,False,7,,1640569607,1,[??do people really](https://www.learnliberty.org/blog/the-economics-of-dating-when-is-it-time-to-move-on/),True,False,False,datingoverforty,t5_su6ij,64268,public,self,?? This article triggered me to Dry drinking. Not publicly shaming it...people...it totally freaked me out. Do men really think in terms of Cost Benefit Analysis before asking women out...be honest. Don't need an MBA or Econ.,0,[],1.0,https://www.reddit.com/r/datingoverforty/comments/rpbj71/this_article_triggered_me_to_dry_drinking_not/,some_ads,7,,,,,,,,,,,
79,[],False,Girlwithabluesoul,,[],,text,t2_hx0icx6j,False,False,False,[],False,False,1640569874,self.datingoverforty,https://www.reddit.com/r/datingoverforty/comments/rpbmek/is_this_really_a_friendship/,{},rpbmek,False,False,False,False,False,False,True,False,,[],,,dark,text,False,False,True,1,0,False,some_ads,/r/datingoverforty/comments/rpbmek/is_this_really_a_friendship/,False,7,moderator,1640569884,1,[removed],True,False,False,datingoverforty,t5_su6ij,64268,public,self,Is this really a friendship?,0,[],1.0,https://www.reddit.com/r/datingoverforty/comments/rpbmek/is_this_really_a_friendship/,some_ads,7,,,,,,,,,,,
80,[],False,Yourfavorite_Ebony,,[],,text,t2_g4d5b3ve,False,False,False,[],False,False,1640577127,self.datingoverforty,https://www.reddit.com/r/datingoverforty/comments/rpdz1v/add/,{},rpdz1v,False,True,False,False,False,True,True,False,,[],,,dark,text,False,False,True,0,0,False,some_ads,/r/datingoverforty/comments/rpdz1v/add/,False,7,,1640577137,1,"Hey there handsome DM for My snap so we can start our own party
ebony_jones2450",True,False,False,datingoverforty,t5_su6ij,64274,public,self,Add,0,[],1.0,https://www.reddit.com/r/datingoverforty/comments/rpdz1v/add/,some_ads,7,,,,,,,,,,,
81,[],False,rococo78,,[],,text,t2_77vyn,False,False,False,[],False,False,1640581449,self.datingoverforty,https://www.reddit.com/r/datingoverforty/comments/rpfc6r/do_you_generally_trust_people_of_the_opposite/,{},rpfc6r,False,False,False,False,False,False,True,False,,[],,,dark,text,False,False,True,0,0,False,some_ads,/r/datingoverforty/comments/rpfc6r/do_you_generally_trust_people_of_the_opposite/,False,7,reddit,1640581460,1,[removed],True,False,False,datingoverforty,t5_su6ij,64280,public,self,Do you generally trust people of the opposite gender?,0,[],1.0,https://www.reddit.com/r/datingoverforty/comments/rpfc6r/do_you_generally_trust_people_of_the_opposite/,some_ads,7,,,,,,,,,,,
82,[],False,Purple51Turtle,,[],,text,t2_1nmfvkuu,False,False,False,[],False,False,1640583079,self.datingoverforty,https://www.reddit.com/r/datingoverforty/comments/rpfu52/dating_parents/,{},rpfu52,False,True,False,False,False,True,True,False,,[],,,dark,text,False,False,True,0,0,False,some_ads,/r/datingoverforty/comments/rpfu52/dating_parents/,False,7,,1640583089,1,"Still processing the end of my (49f) recent  relationship of over a year ...and reflecting on whether a relationship between someone childfree (like my most recent ex) and a parent of pre-teen (youngest nearly 11y) can work.

He told me a significant factor was him missing me at family events on the WE. I have my kids a decent chunk of every WE although I have other parts free, and we did spend time together then.

This was not at all the only factor. He has  major avoidant traits and a tendency to detach rather than try to work things out. Which I can relate to as previously I've had many of these traits too, but have done a lot of work and am much more securely attached these days.

I was working towards a scenario where he had met my kids then they could come to some of the events. But ultimately he chose not to go down this track. But appreciate this is not the same as having childfree time the entire WE. 

So if you are a parent of kids around that age, have you made it work with someone CF? Or does this sort of thing always come up?

And conversely if you are CF, have you had a fulfilling relationship with someone who's a parent of pre-teens?

I'm thinking, moving forward I should only focus on parents - but we all know that can get tricky too, parenting styles etc -  or ppl with kids who've flown the nest.",True,False,False,datingoverforty,t5_su6ij,64282,public,self,Dating parents,0,[],1.0,https://www.reddit.com/r/datingoverforty/comments/rpfu52/dating_parents/,some_ads,7,,,,,,,,,,,
83,[],False,chanxso,,[],,text,t2_hf08ewdq,False,False,False,[],False,False,1640585900,buzzstreettime.com,https://www.reddit.com/r/datingoverforty/comments/rpgobk/you_should_never_date_these_13_types_of_girls/,{},rpgobk,False,False,False,False,False,False,False,False,,[],08ec5ff2-2760-11e9-aac2-0ea14477eb18,Giving Advice,dark,text,False,False,True,0,0,False,some_ads,/r/datingoverforty/comments/rpgobk/you_should_never_date_these_13_types_of_girls/,False,7,reddit,1640585911,1,,True,False,False,datingoverforty,t5_su6ij,64282,public,default,You Should Never Date These 13 Types of Girls,0,[],1.0,https://buzzstreettime.com/you-should-never-date-these-13-types-of-girls,some_ads,7,,,,,,,,,,,https://buzzstreettime.com/you-should-never-date-these-13-types-of-girls
84,[],False,silverberrybee00,,[],,text,t2_by9lm7hw,False,False,False,[],False,False,1640617545,self.datingoverforty,https://www.reddit.com/r/datingoverforty/comments/rppf58/being_approached_or_asked_out/,{},rppf58,False,True,False,False,False,True,True,False,,[],,,dark,text,False,False,True,0,0,False,some_ads,/r/datingoverforty/comments/rppf58/being_approached_or_asked_out/,False,7,,1640617555,1,"I remember before I met my ex husband I was pretty young in my 20s, I would get approached and get asked out all the time, sometimes even at the grocery store. Now, nobody and I mean nobody approaches me in real life to ask me out. There was this one guy I went to high school with and we reconnected and he didn‚Äôt even have the guts to ask me out? I had to give so many hints before he actually said ok I would like to hang out, like goodness what happened to the time when the guys were confident to ask girls out in real life even if it doesn‚Äôt go anywhere? And I consider myself to look average I‚Äôm not a super model but I don‚Äôt have any confidence issues. 

So it‚Äôs OLD the only way to go about things now? 

I would love to hear everyone‚Äôs thoughts and opinions üòä thanks!!",True,False,False,datingoverforty,t5_su6ij,64298,public,self,Being approached or asked out,0,[],1.0,https://www.reddit.com/r/datingoverforty/comments/rppf58/being_approached_or_asked_out/,some_ads,7,,,,,,,,,,,
85,[],False,needaraincoat,,[],,text,t2_hz760wkr,False,False,False,[],False,False,1640618495,self.datingoverforty,https://www.reddit.com/r/datingoverforty/comments/rppr2i/starting_again/,{},rppr2i,False,False,False,False,False,False,True,False,,[],,,dark,text,False,False,True,1,0,False,some_ads,/r/datingoverforty/comments/rppr2i/starting_again/,False,7,moderator,1640618505,1,[removed],True,False,False,datingoverforty,t5_su6ij,64298,public,self,Starting again,0,[],1.0,https://www.reddit.com/r/datingoverforty/comments/rppr2i/starting_again/,some_ads,7,,,,,,,,,,,
86,[],False,Sal_LosAngeles,,[],,text,t2_2cs282ln,False,False,False,[],False,False,1640623928,self.datingoverforty,https://www.reddit.com/r/datingoverforty/comments/rpro0b/expecting_a_different_outcome/,{},rpro0b,False,False,False,False,False,False,True,False,,[],e06d24a4-275e-11e9-9b74-0e6a6c05416c,Casual Conversation,dark,text,False,False,True,0,0,False,some_ads,/r/datingoverforty/comments/rpro0b/expecting_a_different_outcome/,False,7,reddit,1640623938,1,[removed],True,False,False,datingoverforty,t5_su6ij,64302,public,self,Expecting A Different Outcome.,0,[],1.0,https://www.reddit.com/r/datingoverforty/comments/rpro0b/expecting_a_different_outcome/,some_ads,7,,,,,,,,,,,
87,[],False,Formal-Tomato1768,,[],,text,t2_81fwno1t,False,False,False,[],False,False,1640624384,self.datingoverforty,https://www.reddit.com/r/datingoverforty/comments/rprtvy/unsure_of_own_level_of_my_40m_attraction_to_her/,{},rprtvy,False,True,False,False,False,True,True,False,,[],,,dark,text,False,False,True,0,0,False,some_ads,/r/datingoverforty/comments/rprtvy/unsure_of_own_level_of_my_40m_attraction_to_her/,False,7,,1640624394,1,"So here's a weird one.  I don't know if I'm attracted enough to the girl I've been seeing over the past month.  How do I not know?  Well it's weird.  She's not my typical type, for one.  She's got a nice body and I think she's objectively pretty, but I don't have that kind of primal attraction to her.  We've had sex a few times and I perform but even during sex I don't have a real strong urge and sruggle to finish. She thinks the sex is mind blowing because I'm a passionate lover but hearing this makes me feel even worse because I'm really not that into it.

Seems like clear cut not that into her, buy frankly I worry it might just be in my head.  See, this lack of sexual interest has persisted since my divorce.  Most women I'm with I don't stay with long because I just never get that strong desire for them. Thing is, I still get strong sexual urges when I think of  my ex wife. I have no desire to be with her on any real level. But thinking of sex with her gets my heart racing and it's frustrating that my libido feels locked into someone I'm not with or interested in being with anymore.

So my dilemma is, I don't know if maybe I'm just not staying with anyone long enough to develop what had 16 years to grow with my ex  or maybe I'm just keyed in to a very specific type, or maybe I'm looking for something toxic/unattainable. 

Whatever the reason it's super frustrating. I'm a passionate guy and emotionally available but I can't seem to feel physical need for people.  This woman I'm with is great so far, we seem very compatible in a lot of ways, and I do like her body, I worry that I'm nitpicking things I don't like in order to prevent that attraction from growing? I don't really know it doesn't make sense.

Has anyone struggled with this? Is this a stay the course kind of situation? Do I cut her lose and keep working on myself? Been in therapy for 2 years. How do I learn to develop attraction for others if I don't try to date?",True,False,False,datingoverforty,t5_su6ij,64302,public,self,Unsure of own level of my [40M] attraction to her [38F] and other women I've dated in general,0,[],1.0,https://www.reddit.com/r/datingoverforty/comments/rprtvy/unsure_of_own_level_of_my_40m_attraction_to_her/,some_ads,7,,,,,,,,,,,
88,[],False,freeagent2120,,[],,text,t2_4m6nun31,False,False,False,[],False,False,1640625244,self.datingoverforty,https://www.reddit.com/r/datingoverforty/comments/rps557/herpes/,{},rps557,False,False,False,False,False,False,True,False,,[],628375fa-4425-11e9-9805-0e7c3aad8200,Discussion,dark,text,False,False,True,0,0,False,some_ads,/r/datingoverforty/comments/rps557/herpes/,False,7,reddit,1640625254,1,[removed],True,False,False,datingoverforty,t5_su6ij,64304,public,self,Herpes,0,[],1.0,https://www.reddit.com/r/datingoverforty/comments/rps557/herpes/,some_ads,7,,,,,,,,,,,
89,[],False,colejazz,,[],,text,t2_1nerwxay,False,False,False,[],False,False,1640627270,self.datingoverforty,https://www.reddit.com/r/datingoverforty/comments/rpsw2r/where_are_the_humble_men_im_disgusted_with_the/,{},rpsw2r,False,True,False,False,False,True,True,False,,[],b50cbf0c-3935-11e9-a609-0e217b8f2048,Seeking Advice,dark,text,False,False,True,0,0,False,some_ads,/r/datingoverforty/comments/rpsw2r/where_are_the_humble_men_im_disgusted_with_the/,False,7,,1640627280,1,,True,False,False,datingoverforty,t5_su6ij,64308,public,self,"Where are the humble men? I‚Äôm disgusted with the lack of humility and emphasis on making money. On top of that, I can‚Äôt even find decent friends to be open with. Please tell me there somewhere that isn‚Äôt so focused on materialism.",0,[],1.0,https://www.reddit.com/r/datingoverforty/comments/rpsw2r/where_are_the_humble_men_im_disgusted_with_the/,some_ads,7,,,,,,,,,,,
90,[],False,sam-hell,,[],,text,t2_491zo4x5,False,False,False,[],False,False,1640630193,self.datingoverforty,https://www.reddit.com/r/datingoverforty/comments/rpu012/question_about_infidelity/,{},rpu012,False,True,False,False,False,True,True,False,,[],aa73f354-275f-11e9-9763-0ed84ca6f39e,Question,dark,text,False,False,True,0,0,False,some_ads,/r/datingoverforty/comments/rpu012/question_about_infidelity/,False,7,,1640630204,1,"Hypothetical:  you are in a long term, committed relationship.  For purposes of the question, things seem to be going well.  Your partner opens up about his/her past infidelity (other relationships, perhaps recent, but not yours).  How do you take this?  Do you welcome this openness, or does it cause you to see them differently or cause you anxiety in your relationship?  What questions do you have for them, or would you not probe?",True,False,False,datingoverforty,t5_su6ij,64309,public,self,Question about infidelity,0,[],1.0,https://www.reddit.com/r/datingoverforty/comments/rpu012/question_about_infidelity/,some_ads,7,,,,,,,,,,,
91,[],False,Bulky_Fact5409,,[],,text,t2_b1owsjjk,False,False,False,[],False,False,1640632464,self.datingoverforty,https://www.reddit.com/r/datingoverforty/comments/rpuupr/while_this_feed_is_mostly_for_our_stories/,{},rpuupr,False,True,False,False,False,True,True,False,,[],,,dark,text,False,False,False,0,0,False,some_ads,/r/datingoverforty/comments/rpuupr/while_this_feed_is_mostly_for_our_stories/,False,7,,1640632474,1,,True,False,False,datingoverforty,t5_su6ij,64307,public,self,"While this feed is mostly for our stories, something else; are there any females who would like to start a chat with me? If you don‚Äôt like it feel free to stop it at any time.",0,[],1.0,https://www.reddit.com/r/datingoverforty/comments/rpuupr/while_this_feed_is_mostly_for_our_stories/,some_ads,7,,,,,,,,,,,
92,[],False,ronwhite658,,[],,text,t2_5hyrus33,False,False,False,[],False,False,1640635998,self.datingoverforty,https://www.reddit.com/r/datingoverforty/comments/rpw6h8/how_to_date_in_2022/,{},rpw6h8,False,True,False,False,False,True,True,False,,[],,,dark,text,False,False,True,0,0,False,some_ads,/r/datingoverforty/comments/rpw6h8/how_to_date_in_2022/,False,7,,1640636009,1,"Maybe I'm just cynical, but it seems to me that the stakes for asking a woman out have changed. It used to be that if you asked her out and she said no, it was just a rejection. If you asked again it was just persistence. Now it seems to be considered harassment. Is it worth it any more? Is it worth the risk to ask someone out twice and be labeled a predator?",True,False,False,datingoverforty,t5_su6ij,64311,public,self,How to date in 2022?,0,[],1.0,https://www.reddit.com/r/datingoverforty/comments/rpw6h8/how_to_date_in_2022/,some_ads,7,,,,,,,,,,,
93,[],False,Positive_Guitar6638,,[],,text,t2_gcr0ulf2,False,False,False,[],False,False,1640636638,self.datingoverforty,https://www.reddit.com/r/datingoverforty/comments/rpwf2x/35_western_women_want_to_find_a_mutual/,{},rpwf2x,False,False,False,False,False,False,True,False,,[],e06d24a4-275e-11e9-9b74-0e6a6c05416c,Casual Conversation,dark,text,False,False,True,0,0,False,some_ads,/r/datingoverforty/comments/rpwf2x/35_western_women_want_to_find_a_mutual/,False,7,reddit,1640636649,1,[removed],True,False,False,datingoverforty,t5_su6ij,64312,public,self,35 Western women want to find a mutual communication person to spend this cold winter together,0,[],1.0,https://www.reddit.com/r/datingoverforty/comments/rpwf2x/35_western_women_want_to_find_a_mutual/,some_ads,7,,,,,,,,,,,
94,[],False,FloatDH2,,[],,text,t2_58w9d466,False,False,False,[],False,False,1640637589,self.datingoverforty,https://www.reddit.com/r/datingoverforty/comments/rpwrc6/ladies_were_all_adults_were_in_our_40s_use_your/,{},rpwrc6,False,False,False,False,False,False,True,False,,[],628375fa-4425-11e9-9805-0e7c3aad8200,Discussion,dark,text,False,False,True,0,0,False,some_ads,/r/datingoverforty/comments/rpwrc6/ladies_were_all_adults_were_in_our_40s_use_your/,False,7,reddit,1640637600,1,[removed],True,False,False,datingoverforty,t5_su6ij,64313,public,self,"Ladies, we‚Äôre all adults, we‚Äôre in our 40s, use your mouths.",0,[],1.0,https://www.reddit.com/r/datingoverforty/comments/rpwrc6/ladies_were_all_adults_were_in_our_40s_use_your/,some_ads,7,,,,,,,,,,,
95,[],False,espyrae2468,,[],,text,t2_5zuivc4k,False,False,False,[],False,False,1640637850,self.datingoverforty,https://www.reddit.com/r/datingoverforty/comments/rpwun3/how_would_you_take_this_dating_site_desperation/,{},rpwun3,False,True,False,False,False,True,True,False,,[],,,dark,text,False,False,True,0,0,False,some_ads,/r/datingoverforty/comments/rpwun3/how_would_you_take_this_dating_site_desperation/,False,7,,1640637861,1,"I started chatting with a guy in an app and we coincidentally are in the same field so i was like - hey whether we date or not we can network either way. So we added each other to our linkedins and we are both seemingly legit.

After this but still in the first day or two of chatting, he asked me about whether I have kids. Normal right. I say no and that I‚Äôve never been married and I say it kind of sadly. He gets super excited and says something like - oh this is perfect because then we don‚Äôt have to work around each other‚Äôs schedules because I have my son part time. Ok - very presumptuous that I have nothing to do but maybe he was burned recently and I get that kids add a level of complexity to scheduling. 

Then he asks about my neighborhood and how it relates to our metro area (some places are ‚Äúclose‚Äù in distance but difficult with traffic etc).  I give him a vague description and He then says - well we will have to take turns driving to each other‚Äôs houses but it‚Äôs not a bad drive.

So I‚Äôm like - uhhhh I mean aren‚Äôt you jumping ahead, shouldn‚Äôt we decide if we like each other first? And he says something like he is a fun guy who gets along with most people, that we are both professional and available, so we will most likely work out and he sees no reason why we won‚Äôt. 

I love the directness and efficiency but isn‚Äôt this weird like I feel as though I could be anyone and it wouldn‚Äôt matter. So I stopped respondingüò¨. Would you be freaked out or just go with the flow?",True,False,False,datingoverforty,t5_su6ij,64314,public,self,How would you take this / dating site desperation?,0,[],1.0,https://www.reddit.com/r/datingoverforty/comments/rpwun3/how_would_you_take_this_dating_site_desperation/,some_ads,7,,,,,,,,,,,
96,[],False,CuthroatChicken,,[],,text,t2_sql0n,False,False,False,[],False,False,1640639106,i.redd.it,https://www.reddit.com/r/datingoverforty/comments/rpxaz4/disastrous_blind_date_would_someone_in_another/,{},rpxaz4,False,True,False,False,True,True,False,False,,[],,,dark,text,False,False,True,0,0,False,some_ads,/r/datingoverforty/comments/rpxaz4/disastrous_blind_date_would_someone_in_another/,False,7,,1640639117,1,,True,False,False,datingoverforty,t5_su6ij,64317,public,https://b.thumbs.redditmedia.com/b_74InCbjt2YXu79CWolO9vGX7suuuUiy68o3xDCzgs.jpg,Disastrous blind date would someone in another city turned into meeting the woman of my dreams,0,[],1.0,https://i.redd.it/2ym64k8vg5881.jpg,some_ads,7,,,,,image,"{'enabled': True, 'images': [{'id': 'zNjMGfeRtuHRBxAY99G-34yW0ka1Q8P_ycmeaavk_fs', 'resolutions': [{'height': 143, 'url': 'https://preview.redd.it/2ym64k8vg5881.jpg?width=108&amp;crop=smart&amp;auto=webp&amp;s=1328c8029667dfd726328ee96d6bc5bdfed7c32a', 'width': 108}, {'height': 286, 'url': 'https://preview.redd.it/2ym64k8vg5881.jpg?width=216&amp;crop=smart&amp;auto=webp&amp;s=f92db96587dbb9fd77bf7ff3dbcc572f23c39f95', 'width': 216}, {'height': 425, 'url': 'https://preview.redd.it/2ym64k8vg5881.jpg?width=320&amp;crop=smart&amp;auto=webp&amp;s=3d87c4599d3dc9a7b392ecd47e0fec83bd91af6d', 'width': 320}, {'height': 850, 'url': 'https://preview.redd.it/2ym64k8vg5881.jpg?width=640&amp;crop=smart&amp;auto=webp&amp;s=461b8b5c3589a906be886355bca13cb16619cfa1', 'width': 640}, {'height': 1275, 'url': 'https://preview.redd.it/2ym64k8vg5881.jpg?width=960&amp;crop=smart&amp;auto=webp&amp;s=1c4fc5a8e5c10a349c9a0c2b9b44c43d19ddd5dc', 'width': 960}, {'height': 1434, 'url': 'https://preview.redd.it/2ym64k8vg5881.jpg?width=1080&amp;crop=smart&amp;auto=webp&amp;s=78e7ec4e047a3c0ac53e4d287d22ccd7dfb36fe8', 'width': 1080}], 'source': {'height': 4080, 'url': 'https://preview.redd.it/2ym64k8vg5881.jpg?auto=webp&amp;s=56efa509782ec5ff667e4136869941902b0379d3', 'width': 3072}, 'variants': {}}]}",,,140.0,140.0,https://i.redd.it/2ym64k8vg5881.jpg
97,[],False,CuthroatChicken,,[],,text,t2_sql0n,False,False,False,[],False,False,1640639396,i.redd.it,https://www.reddit.com/r/datingoverforty/comments/rpxekq/update_from_a_2yearold_post_disastrous_tinder/,{},rpxekq,False,True,False,False,True,True,False,False,,[],,,dark,text,False,False,True,9,0,False,some_ads,/r/datingoverforty/comments/rpxekq/update_from_a_2yearold_post_disastrous_tinder/,False,7,,1640639407,1,,True,False,False,datingoverforty,t5_su6ij,64316,public,https://a.thumbs.redditmedia.com/OBzy4qUwl-4LSG5vtlzPp44kGATN2IESgOjethy2w40.jpg,"Update from a 2-year-old post: disastrous tinder date led me to meet the woman that I just proposed to. Don't give up, it can happen to you",0,[],1.0,https://i.redd.it/2vvo18kqh5881.jpg,some_ads,7,,,,,image,"{'enabled': True, 'images': [{'id': 'IR94Ut_HvrMED8GHShMkQU6esWWpMQv0pg8yq9HwpXw', 'resolutions': [{'height': 192, 'url': 'https://preview.redd.it/2vvo18kqh5881.jpg?width=108&amp;crop=smart&amp;auto=webp&amp;s=aa0cd9248eafecdb5293227323cdaaf9485180c2', 'width': 108}, {'height': 384, 'url': 'https://preview.redd.it/2vvo18kqh5881.jpg?width=216&amp;crop=smart&amp;auto=webp&amp;s=b1e5353560b1eaab2bdfc685926d5b3f2d936b57', 'width': 216}, {'height': 568, 'url': 'https://preview.redd.it/2vvo18kqh5881.jpg?width=320&amp;crop=smart&amp;auto=webp&amp;s=0872f081991f570e9bf3a61ab562fc4b78e675b7', 'width': 320}, {'height': 1137, 'url': 'https://preview.redd.it/2vvo18kqh5881.jpg?width=640&amp;crop=smart&amp;auto=webp&amp;s=4c8df71d759ee8fdb18e59d0cfef27ef4f49234b', 'width': 640}, {'height': 1706, 'url': 'https://preview.redd.it/2vvo18kqh5881.jpg?width=960&amp;crop=smart&amp;auto=webp&amp;s=ed72b5bd6fe84bc224fb0ce4191e504cf433e898', 'width': 960}, {'height': 1920, 'url': 'https://preview.redd.it/2vvo18kqh5881.jpg?width=1080&amp;crop=smart&amp;auto=webp&amp;s=b25bda2d91d7188e33c3afd85ccc5b7ac18f6778', 'width': 1080}], 'source': {'height': 1920, 'url': 'https://preview.redd.it/2vvo18kqh5881.jpg?auto=webp&amp;s=b20164204730bf3bfa052d22283a299057da4518', 'width': 1080}, 'variants': {}}]}",,,140.0,140.0,https://i.redd.it/2vvo18kqh5881.jpg
98,[],False,Main-Swimmer-2819,,[],,text,t2_f9rjdrgy,False,False,False,[],False,False,1640641008,self.datingoverforty,https://www.reddit.com/r/datingoverforty/comments/rpy09v/hot_doctor/,{},rpy09v,False,True,False,False,False,True,True,False,,[],,,dark,text,False,False,False,0,0,False,some_ads,/r/datingoverforty/comments/rpy09v/hot_doctor/,False,7,,1640641019,1,I have been seeing my doctor for about ten years. She is very attractive and married. She is very friendly and I sometime  mistake her friendliness with being flirtatious. I never tried to hit on her because I am afraid of her dropping me as a patient. Any female doctors out there fantasied about hooking up with one of their male patients? Just wondering if that‚Äôs a thing or not.,True,False,False,datingoverforty,t5_su6ij,64318,public,self,Hot Doctor,0,[],1.0,https://www.reddit.com/r/datingoverforty/comments/rpy09v/hot_doctor/,some_ads,7,,,,,,,,,,,
99,[],False,pinkpeppercorn08,,[],,text,t2_3qisql7m,False,False,False,[],False,False,1640642123,self.datingoverforty,https://www.reddit.com/r/datingoverforty/comments/rpyf5e/guy_losing_interest_after_totally_being_full_on/,{},rpyf5e,False,False,False,False,False,False,True,False,,[],,,dark,text,False,False,True,0,0,False,some_ads,/r/datingoverforty/comments/rpyf5e/guy_losing_interest_after_totally_being_full_on/,False,7,reddit,1640642134,1,[removed],True,False,False,datingoverforty,t5_su6ij,64319,public,self,Guy losing interest after totally being full on.,0,[],1.0,https://www.reddit.com/r/datingoverforty/comments/rpyf5e/guy_losing_interest_after_totally_being_full_on/,some_ads,7,,,,,,,,,,,
